2002-01-07,
2002-01-08,
2002-01-09,
2002-01-10,-81179.296875
2002-01-11,-87380.640625
2002-01-14,-168657.40625
2002-01-15,-87944.515625
2002-01-16,-261180.75
2002-01-17,-13249.6738281
2002-01-18,-169789.15625
2002-01-22,217536.953125
2002-01-23,277376.0
2002-01-24,100035.765625
2002-01-25,45356.6523438
2002-01-28,-31636.6953125
2002-01-29,-42537.1132812
2002-01-30,33793.1054688
2002-01-31,29551.2460938
2002-02-01,21077.0234375
2002-02-04,-65723.1796875
2002-02-05,-101088.101562
2002-02-06,-45725.859375
2002-02-07,222986.90625
2002-02-08,37970.0351562
2002-02-11,138591.25
2002-02-12,71295.8671875
2002-02-13,3830.45703125
2002-02-14,-129459.640625
2002-02-15,-131444.125
2002-02-19,-168971.9375
2002-02-20,-115144.734375
2002-02-21,-259986.28125
2002-02-22,22293.6601562
2002-02-25,292692.90625
2002-02-26,126509.078125
2002-02-27,144568.71875
2002-02-28,-899.255859375
2002-03-01,212346.34375
2002-03-04,182310.25
2002-03-05,-92312.203125
2002-03-06,-27348.0585938
2002-03-07,-135564.296875
2002-03-08,-42763.9023438
2002-03-11,83286.03125
2002-03-12,213504.8125
2002-03-13,14484.9794922
2002-03-14,-41524.625
2002-03-15,-42412.3515625
2002-03-18,54725.8671875
2002-03-19,-43081.8125
2002-03-20,71831.8046875
2002-03-21,155044.9375
2002-03-22,9785.98046875
2002-03-25,43739.90625
2002-03-26,1651.03515625
2002-03-27,-125551.609375
2002-03-28,45656.796875
2002-04-01,21284.1015625
2002-04-02,241778.265625
2002-04-03,69618.3515625
2002-04-04,15205.5595703
2002-04-05,-85855.171875
2002-04-08,5802.60839844
2002-04-09,-245262.8125
2002-04-10,-39305.8242188
2002-04-11,-150208.546875
2002-04-12,222515.265625
2002-04-15,-26996.4082031
2002-04-16,-241949.78125
2002-04-17,-85020.828125
2002-04-18,150081.6875
2002-04-19,27048.0039062
2002-04-22,-99070.796875
2002-04-23,-5886.1328125
2002-04-24,-26249.2871094
2002-04-25,17967.0351562
2002-04-26,-177678.75
2002-04-29,-142997.15625
2002-04-30,230463.828125
2002-05-01,18524.0976562
2002-05-02,140161.640625
2002-05-03,-116155.578125
2002-05-06,-138574.40625
2002-05-07,-110207.3125
2002-05-08,498874.25
2002-05-09,-98759.078125
2002-05-10,315095.78125
2002-05-13,288996.65625
2002-05-14,244715.859375
2002-05-15,82639.234375
2002-05-16,-42713.234375
2002-05-17,-23531.3261719
2002-05-20,208573.4375
2002-05-21,24427.40625
2002-05-22,-164956.859375
2002-05-23,11623.3105469
2002-05-24,27057.9863281
2002-05-28,-32158.0742188
2002-05-29,-113952.578125
2002-05-30,5527.49902344
2002-05-31,-65576.75
2002-06-03,-94488.6015625
2002-06-04,90405.1640625
2002-06-05,-144802.15625
2002-06-06,90091.203125
2002-06-07,-40775.890625
2002-06-10,25554.0195312
2002-06-11,-181158.21875
2002-06-12,68030.0703125
2002-06-13,80943.09375
2002-06-14,-58722.0625
2002-06-17,-14472.8554688
2002-06-18,19366.5898438
2002-06-19,160425.84375
2002-06-20,-227804.5
2002-06-21,-74381.6875
2002-06-24,116825.421875
2002-06-25,20454.5839844
2002-06-26,4540.99804688
2002-06-27,187549.234375
2002-06-28,453374.3125
2002-07-01,277876.0
2002-07-02,97668.4453125
2002-07-03,209669.78125
2002-07-05,241547.421875
2002-07-08,239954.734375
2002-07-09,75789.7578125
2002-07-10,2918.0546875
2002-07-11,15914.703125
2002-07-12,-20530.5585938
2002-07-15,-350130.53125
2002-07-16,-316260.5
2002-07-17,77679.296875
2002-07-18,29220.4882812
2002-07-19,114013.585938
2002-07-22,176030.28125
2002-07-23,-100621.140625
2002-07-24,252358.453125
2002-07-25,-652398.625
2002-07-26,171978.609375
2002-07-29,913165.5
2002-07-30,-11918.8398438
2002-07-31,-443988.8125
2002-08-01,96630.203125
2002-08-02,69733.84375
2002-08-05,148468.53125
2002-08-06,338546.8125
2002-08-07,-37543.0703125
2002-08-08,49390.453125
2002-08-09,75899.046875
2002-08-12,-103648.390625
2002-08-13,-118161.210938
2002-08-14,149428.75
2002-08-15,-44717.5234375
2002-08-16,-298046.34375
2002-08-19,-28977.1953125
2002-08-20,22427.671875
2002-08-21,-154741.953125
2002-08-22,-69709.21875
2002-08-23,57048.9257812
2002-08-26,-114099.929688
2002-08-27,-93433.484375
2002-08-28,233497.6875
2002-08-29,123826.992188
2002-08-30,-117639.484375
2002-09-03,-14249.921875
2002-09-04,133248.75
2002-09-05,-114199.625
2002-09-06,-92683.34375
2002-09-09,-35500.875
2002-09-10,-180293.375
2002-09-11,97919.3046875
2002-09-12,12056.8291016
2002-09-13,-78161.09375
2002-09-16,-140800.0625
2002-09-17,-32242.5253906
2002-09-18,-158218.65625
2002-09-19,-2656.72265625
2002-09-20,73805.2109375
2002-09-23,-137198.84375
2002-09-24,21747.4257812
2002-09-25,445487.0625
2002-09-26,348365.4375
2002-09-27,46652.0859375
2002-09-30,-137522.84375
2002-10-01,83879.9140625
2002-10-02,25271.9492188
2002-10-03,-71749.34375
2002-10-04,-113255.9375
2002-10-07,-235470.890625
2002-10-08,-302481.15625
2002-10-09,-284303.53125
2002-10-10,84873.484375
2002-10-11,207958.921875
2002-10-14,103949.171875
2002-10-15,-448991.28125
2002-10-16,-110167.65625
2002-10-17,-342755.1875
2002-10-18,30484.0
2002-10-21,-228090.078125
2002-10-22,486.20703125
2002-10-23,-158505.921875
2002-10-24,-146616.875
2002-10-25,-147589.890625
2002-10-28,-153928.71875
2002-10-29,26351.1816406
2002-10-30,-130214.007812
2002-10-31,-93170.3359375
2002-11-01,-381474.375
2002-11-04,81008.828125
2002-11-05,22261.5898438
2002-11-06,-260071.59375
2002-11-07,90470.6875
2002-11-08,23872.2304688
2002-11-11,-260009.875
2002-11-12,133737.84375
2002-11-13,121175.5625
2002-11-14,-250941.5
2002-11-15,-9890.4375
2002-11-18,-101407.84375
2002-11-19,92596.953125
2002-11-20,-41873.078125
2002-11-21,170439.78125
2002-11-22,-76653.078125
2002-11-25,-318828.6875
2002-11-26,3054.75390625
2002-11-27,-112698.242188
2002-11-29,-176623.21875
2002-12-02,-119848.945312
2002-12-03,119946.078125
2002-12-04,34625.9609375
2002-12-05,45903.96875
2002-12-06,-7959.36914062
2002-12-09,-61678.796875
2002-12-10,133674.625
2002-12-11,4852.50195312
2002-12-12,2530.51171875
2002-12-13,38222.8085938
2002-12-16,95985.8046875
2002-12-17,31619.4101562
2002-12-18,206216.6875
2002-12-19,8822.01953125
2002-12-20,-7837.109375
2002-12-23,41780.9453125
2002-12-24,53326.3554688
2002-12-26,97030.234375
2002-12-27,-76359.2578125
2002-12-30,-50851.0
2002-12-31,-43260.5
2003-01-02,245562.28125
2003-01-03,26135.6230469
2003-01-06,-217490.78125
2003-01-07,16896.203125
2003-01-08,186328.140625
2003-01-09,-123852.25
2003-01-10,156620.09375
2003-01-13,24819.296875
2003-01-14,-44961.1796875
2003-01-15,-26671.0410156
2003-01-16,135735.109375
2003-01-17,-59863.1875
2003-01-21,66684.1875
2003-01-22,-23610.3339844
2003-01-23,53714.3554688
2003-01-24,-144893.25
2003-01-27,2817.984375
2003-01-28,116958.492188
2003-01-29,13971.921875
2003-01-30,100275.078125
2003-01-31,128726.640625
2003-02-03,733.12109375
2003-02-04,42866.0351562
2003-02-05,967.67578125
2003-02-06,-16969.7285156
2003-02-07,62432.5351562
2003-02-10,-33103.03125
2003-02-11,105082.976562
2003-02-12,85064.8828125
2003-02-13,2216.58203125
2003-02-14,94261.6484375
2003-02-18,31972.0039062
2003-02-19,21360.5957031
2003-02-20,-99292.3125
2003-02-21,4414.12011719
2003-02-24,-74011.03125
2003-02-25,-53569.3320312
2003-02-26,-44766.8671875
2003-02-27,-98544.640625
2003-02-28,111334.171875
2003-03-03,117273.554688
2003-03-04,-56367.6640625
2003-03-05,-54293.0703125
2003-03-06,-7901.45605469
2003-03-07,-63241.2421875
2003-03-10,-89697.5078125
2003-03-11,190597.90625
2003-03-12,150507.96875
2003-03-13,100875.171875
2003-03-14,32535.0703125
2003-03-17,-195870.484375
2003-03-18,45670.0
2003-03-19,120099.4375
2003-03-20,-31115.3203125
2003-03-21,-124518.828125
2003-03-24,112820.265625
2003-03-25,-51563.5351562
2003-03-26,-34198.3203125
2003-03-27,-3454.4609375
2003-03-28,17605.3359375
2003-03-31,-80400.3515625
2003-04-01,-7268.296875
2003-04-02,239691.828125
2003-04-03,81255.4609375
2003-04-04,69005.609375
2003-04-07,-47714.1210938
2003-04-08,-16541.2773438
2003-04-09,81928.40625
2003-04-10,12735.1582031
2003-04-11,4748.04492188
2003-04-14,13964.1308594
2003-04-15,16877.5703125
2003-04-16,-11738.046875
2003-04-17,-20218.7421875
2003-04-21,-101470.203125
2003-04-22,-23342.9355469
2003-04-23,-31446.3417969
2003-04-24,30091.8535156
2003-04-25,80092.78125
2003-04-28,-19760.84375
2003-04-29,8787.66796875
2003-04-30,-9914.71972656
2003-05-01,18406.8808594
2003-05-02,-18981.6425781
2003-05-05,-26467.9121094
2003-05-06,8964.43652344
2003-05-07,125662.757812
2003-05-08,41962.3398438
2003-05-09,28202.234375
2003-05-12,100328.96875
2003-05-13,49710.6796875
2003-05-14,21795.2226562
2003-05-15,-10809.1523438
2003-05-16,-45631.0195312
2003-05-19,107840.40625
2003-05-20,12966.2880859
2003-05-21,454.254882812
2003-05-22,-13472.390625
2003-05-23,35757.4921875
2003-05-27,-11714.0136719
2003-05-28,30436.65625
2003-05-29,-106572.257812
2003-05-30,-47901.7539062
2003-06-02,79085.265625
2003-06-03,49075.65625
2003-06-04,-13767.7304688
2003-06-05,-32417.859375
2003-06-06,88558.984375
2003-06-09,200715.8125
2003-06-10,-27842.015625
2003-06-11,-47183.25
2003-06-12,116732.289062
2003-06-13,-30149.0605469
2003-06-16,-9998.38671875
2003-06-17,63318.5039062
2003-06-18,47216.6015625
2003-06-19,25738.2460938
2003-06-20,64245.78125
2003-06-23,-17430.0566406
2003-06-24,-5791.18359375
2003-06-25,48258.65625
2003-06-26,24849.4726562
2003-06-27,-17823.0234375
2003-06-30,10014.1914062
2003-07-01,50582.1328125
2003-07-02,385.372070312
2003-07-03,25745.0117188
2003-07-07,-202464.421875
2003-07-08,56367.5390625
2003-07-09,-105295.484375
2003-07-10,115807.765625
2003-07-11,-61434.8867188
2003-07-14,110174.171875
2003-07-15,-93.9384765625
2003-07-16,324609.09375
2003-07-17,-26465.59375
2003-07-18,26831.2773438
2003-07-21,-132427.8125
2003-07-22,-28686.9277344
2003-07-23,-8620.41308594
2003-07-24,14397.8554688
2003-07-25,-87478.5
2003-07-28,-23862.8632812
2003-07-29,-9622.60058594
2003-07-30,49029.2578125
2003-07-31,26939.9980469
2003-08-01,15532.3476562
2003-08-04,80805.3828125
2003-08-05,25087.5605469
2003-08-06,14371.4257812
2003-08-07,-56240.8789062
2003-08-08,-33907.3320312
2003-08-11,16661.3398438
2003-08-12,-39893.59375
2003-08-13,-58580.59375
2003-08-14,-13120.8300781
2003-08-15,-5960.09179688
2003-08-18,-45622.7421875
2003-08-19,-2103.96289062
2003-08-20,33384.6015625
2003-08-21,-165932.421875
2003-08-22,26971.4375
2003-08-25,51499.8125
2003-08-26,-31622.65625
2003-08-27,70292.6875
2003-08-28,-30944.9960938
2003-08-29,4637.62207031
2003-09-02,17247.9941406
2003-09-03,69037.4453125
2003-09-04,82227.703125
2003-09-05,-5108.12939453
2003-09-08,-59151.8515625
2003-09-09,-38253.9492188
2003-09-10,198731.375
2003-09-11,91273.140625
2003-09-12,13047.8945312
2003-09-15,230.8515625
2003-09-16,5818.76367188
2003-09-17,-11546.6171875
2003-09-18,-42386.5
2003-09-19,7482.39257812
2003-09-22,7674.72265625
2003-09-23,-3276.8046875
2003-09-24,-191793.125
2003-09-25,6569.359375
2003-09-26,-128267.867188
2003-09-29,40591.78125
2003-09-30,-67068.5390625
2003-10-01,-24796.8730469
2003-10-02,2896.42822266
2003-10-03,20681.1699219
2003-10-06,-21327.4296875
2003-10-07,-74651.4453125
2003-10-08,19773.2070312
2003-10-09,18894.2246094
2003-10-10,-16617.6523438
2003-10-13,-4746.00976562
2003-10-14,-290.9296875
2003-10-15,-9348.31347656
2003-10-16,16297.3320312
2003-10-17,-26079.59375
2003-10-20,-33423.9101562
2003-10-21,55952.1953125
2003-10-22,39652.2460938
2003-10-23,47662.8867188
2003-10-24,-25162.1386719
2003-10-27,10760.1171875
2003-10-28,-7632.42431641
2003-10-29,-31072.09375
2003-10-30,9314.31054688
2003-10-31,42757.7695312
2003-11-03,-85036.0078125
2003-11-04,-8699.75390625
2003-11-05,-39781.7421875
2003-11-06,7262.28710938
2003-11-07,-2844.67285156
2003-11-10,16339.6357422
2003-11-11,33688.265625
2003-11-12,112895.546875
2003-11-13,-18509.28125
2003-11-14,128887.554688
2003-11-17,6504.81103516
2003-11-18,-85532.1875
2003-11-19,-12226.0136719
2003-11-20,2853.17382812
2003-11-21,-8578.67578125
2003-11-24,54214.1835938
2003-11-25,-5350.50048828
2003-11-26,6773.01953125
2003-11-28,8858.97460938
2003-12-01,-3494.140625
2003-12-02,53398.2773438
2003-12-03,29687.0078125
2003-12-04,-63761.21875
2003-12-05,19344.1074219
2003-12-08,-37629.578125
2003-12-09,-92390.34375
2003-12-10,28258.3613281
2003-12-11,187720.25
2003-12-12,21151.5800781
2003-12-15,76303.1875
2003-12-16,-19501.046875
2003-12-17,-10430.0253906
2003-12-18,35201.984375
2003-12-19,-37459.5117188
2003-12-22,-37361.4726562
2003-12-23,18795.9589844
2003-12-24,15692.5742188
2003-12-26,4991.08789062
2003-12-29,29008.1113281
2003-12-30,29732.3417969
2003-12-31,24955.3652344
2004-01-02,-10086.5136719
2004-01-05,40699.828125
2004-01-06,29240.5214844
2004-01-07,-20620.1328125
2004-01-08,-22420.7226562
2004-01-09,2050.00878906
2004-01-12,-124378.8125
2004-01-13,-374.401367188
2004-01-14,6160.984375
2004-01-15,12137.3710938
2004-01-16,-59711.9296875
2004-01-20,101784.84375
2004-01-21,233843.671875
2004-01-22,174365.828125
2004-01-23,-24338.1289062
2004-01-26,108089.476562
2004-01-27,4980.27734375
2004-01-28,-15336.3535156
2004-01-29,-91514.9375
2004-01-30,44711.28125
2004-02-02,-61884.6679688
2004-02-03,-59130.2421875
2004-02-04,2154.88671875
2004-02-05,39579.3945312
2004-02-06,181361.0625
2004-02-09,17837.8613281
2004-02-10,26888.0117188
2004-02-11,-35386.4765625
2004-02-12,58463.4335938
2004-02-13,10366.8867188
2004-02-17,44420.4375
2004-02-18,-23278.1171875
2004-02-19,65250.6484375
2004-02-20,46871.2382812
2004-02-23,-105299.5
2004-02-24,15974.7128906
2004-02-25,83092.578125
2004-02-26,2634.70019531
2004-02-27,7980.00097656
2004-03-01,-43449.7421875
2004-03-02,21407.8476562
2004-03-03,66377.3125
2004-03-04,-4229.83691406
2004-03-05,-24352.3085938
2004-03-08,67499.5234375
2004-03-09,-34216.421875
2004-03-10,-63716.7421875
2004-03-11,-1439.77929688
2004-03-12,85318.78125
2004-03-15,21018.5429688
2004-03-16,3426.79736328
2004-03-17,85793.0
2004-03-18,-24975.5332031
2004-03-19,19511.8222656
2004-03-22,-28916.3007812
2004-03-23,-40928.5625
2004-03-24,-17330.1796875
2004-03-25,30115.2265625
2004-03-26,114156.296875
2004-03-29,-85695.015625
2004-03-30,-46320.25
2004-03-31,40101.921875
2004-04-01,47371.5390625
2004-04-02,87818.9453125
2004-04-05,13575.1835938
2004-04-06,87665.3515625
2004-04-07,11364.6083984
2004-04-08,68918.9375
2004-04-12,-6179.36962891
2004-04-13,-3415.47265625
2004-04-14,8404.67675781
2004-04-15,-58809.4414062
2004-04-16,3381.11230469
2004-04-19,66774.046875
2004-04-20,-80605.09375
2004-04-21,-81170.5
2004-04-22,38311.2382812
2004-04-23,-27941.7285156
2004-04-26,-53234.5390625
2004-04-27,71299.2890625
2004-04-28,-32281.1308594
2004-04-29,-48081.640625
2004-04-30,-53210.4609375
2004-05-03,-2944.5234375
2004-05-04,76104.734375
2004-05-05,-36438.6484375
2004-05-06,-16284.4765625
2004-05-07,-92631.375
2004-05-10,-65664.125
2004-05-11,27861.4824219
2004-05-12,42699.15625
2004-05-13,981.070556641
2004-05-14,-72070.96875
2004-05-17,-59.9951171875
2004-05-18,82785.5078125
2004-05-19,78487.515625
2004-05-20,-21068.265625
2004-05-21,-36822.3320312
2004-05-24,-16113.6572266
2004-05-25,-42431.6992188
2004-05-26,47103.203125
2004-05-27,4293.89257812
2004-05-28,-22352.0273438
2004-06-01,-8917.52929688
2004-06-02,95882.78125
2004-06-03,-9150.37695312
2004-06-04,13602.3564453
2004-06-07,71733.4609375
2004-06-08,-34005.453125
2004-06-09,108806.4375
2004-06-10,5632.84179688
2004-06-14,-120789.15625
2004-06-15,-69624.859375
2004-06-16,-45547.5664062
2004-06-17,8403.78125
2004-06-18,-1891.37988281
2004-06-21,-41531.3398438
2004-06-22,6911.15429688
2004-06-23,13081.3837891
2004-06-24,35050.6835938
2004-06-25,-70019.7421875
2004-06-28,-37486.9609375
2004-06-29,-87007.1015625
2004-06-30,11612.1972656
2004-07-01,147163.5625
2004-07-02,-5516.92675781
2004-07-06,-256018.71875
2004-07-07,-2106.921875
2004-07-08,-67919.0078125
2004-07-09,30220.8867188
2004-07-12,-3455.13330078
2004-07-13,29891.0449219
2004-07-14,-120599.617188
2004-07-15,35498.9140625
2004-07-16,-144453.328125
2004-07-19,-4223.55371094
2004-07-20,97073.890625
2004-07-21,8445.28320312
2004-07-22,-103204.328125
2004-07-23,-105642.0625
2004-07-26,53601.4921875
2004-07-27,17220.671875
2004-07-28,-27242.5742188
2004-07-29,-38499.4140625
2004-07-30,20378.4394531
2004-08-02,45129.46875
2004-08-03,69132.40625
2004-08-04,-70379.828125
2004-08-05,-81333.25
2004-08-06,45298.5078125
2004-08-09,68195.90625
2004-08-10,147558.765625
2004-08-11,39691.1953125
2004-08-12,45509.8984375
2004-08-13,70256.09375
2004-08-16,103120.84375
2004-08-17,41965.421875
2004-08-18,-14837.6328125
2004-08-19,59033.9609375
2004-08-20,-79066.4921875
2004-08-23,22279.6328125
2004-08-24,158.756347656
2004-08-25,-16260.1523438
2004-08-26,-63181.0273438
2004-08-27,9309.984375
2004-08-30,-69832.34375
2004-08-31,-54522.0585938
2004-09-01,41223.234375
2004-09-02,38108.640625
2004-09-03,20631.6191406
2004-09-07,-41124.6328125
2004-09-08,-9140.5859375
2004-09-09,142543.65625
2004-09-10,-3386.47265625
2004-09-13,-125360.015625
2004-09-14,-16741.9453125
2004-09-15,169245.75
2004-09-16,9599.15820312
2004-09-17,40851.0546875
2004-09-20,20640.4414062
2004-09-21,-31067.5390625
2004-09-22,22304.4667969
2004-09-23,2277.12207031
2004-09-24,-82326.0546875
2004-09-27,20687.8554688
2004-09-28,-28863.796875
2004-09-29,73844.234375
2004-09-30,8937.61035156
2004-10-01,-99146.1484375
2004-10-04,53647.5507812
2004-10-05,-20063.4414062
2004-10-06,-38621.3359375
2004-10-07,-60846.3476562
2004-10-08,34379.6171875
2004-10-11,-18202.21875
2004-10-12,-60203.6289062
2004-10-13,-33335.328125
2004-10-14,-29895.2070312
2004-10-15,192933.59375
2004-10-18,-43227.625
2004-10-19,-151891.28125
2004-10-20,112648.8125
2004-10-21,-138300.1875
2004-10-22,-15980.9433594
2004-10-25,-52092.9765625
2004-10-26,-122225.9375
2004-10-27,44522.28125
2004-10-28,-114759.078125
2004-10-29,56599.8085938
2004-11-01,-16408.5390625
2004-11-02,33915.25
2004-11-03,41272.7304688
2004-11-04,5085.16601562
2004-11-05,27301.9375
2004-11-08,2922.61230469
2004-11-09,-18930.4492188
2004-11-10,54506.9375
2004-11-11,13375.4443359
2004-11-12,-5551.49414062
2004-11-15,-43608.6054688
2004-11-16,18873.71875
2004-11-17,-42687.0703125
2004-11-18,-27196.9277344
2004-11-19,53153.4257812
2004-11-22,14582.5556641
2004-11-23,-2183.66064453
2004-11-24,-8312.62109375
2004-11-26,-10125.7070312
2004-11-29,-11439.4912109
2004-11-30,-28513.5195312
2004-12-01,-56263.0703125
2004-12-02,38613.6601562
2004-12-03,52108.5078125
2004-12-06,10258.8300781
2004-12-07,39970.46875
2004-12-08,25899.4335938
2004-12-09,-5881.0703125
2004-12-10,-14500.3574219
2004-12-13,12798.0273438
2004-12-14,-11781.6367188
2004-12-15,-29178.3515625
2004-12-16,-30637.4511719
2004-12-17,30654.1933594
2004-12-20,-11425.8359375
2004-12-21,21805.8710938
2004-12-22,39372.078125
2004-12-23,7023.15234375
2004-12-27,-48027.40625
2004-12-28,21137.2773438
2004-12-29,10695.9453125
2004-12-30,52862.3710938
2004-12-31,-6296.56835938
2005-01-03,-56195.125
2005-01-04,75014.265625
2005-01-05,-25657.0097656
2005-01-06,-77345.71875
2005-01-07,-34466.8398438
2005-01-10,-36182.7226562
2005-01-11,21607.1015625
2005-01-12,-16848.8183594
2005-01-13,-13892.1386719
2005-01-14,-35283.265625
2005-01-18,20150.875
2005-01-19,10355.5458984
2005-01-20,-65043.5078125
2005-01-21,-30266.8339844
2005-01-24,-57664.6171875
2005-01-25,53191.515625
2005-01-26,41829.5234375
2005-01-27,-29348.2304688
2005-01-28,88772.40625
2005-01-31,9760.47265625
2005-02-01,-6894.20751953
2005-02-02,-2366.59716797
2005-02-03,-30279.5
2005-02-04,39571.5664062
2005-02-07,70060.4921875
2005-02-08,-37244.71875
2005-02-09,41714.5117188
2005-02-10,-49702.359375
2005-02-11,54225.234375
2005-02-14,38343.8085938
2005-02-15,-3260.20849609
2005-02-16,28425.4726562
2005-02-17,-1505.60742188
2005-02-18,-100797.96875
2005-02-22,53814.984375
2005-02-23,-22779.1914062
2005-02-24,29284.6679688
2005-02-25,-30837.8417969
2005-02-28,35407.0234375
2005-03-01,116062.796875
2005-03-02,-27788.6210938
2005-03-03,118707.226562
2005-03-04,-136291.03125
2005-03-07,24599.0585938
2005-03-08,-20460.8886719
2005-03-09,-13246.1484375
2005-03-10,-7812.17578125
2005-03-11,-16541.0039062
2005-03-14,18612.9101562
2005-03-15,-57619.9140625
2005-03-16,-5487.77246094
2005-03-17,-9608.39453125
2005-03-18,-18469.6523438
2005-03-21,18613.6484375
2005-03-22,-1553.16015625
2005-03-23,38207.1445312
2005-03-24,4503.20214844
2005-03-28,7849.2265625
2005-03-29,25859.1367188
2005-03-30,40381.2382812
2005-03-31,101287.851562
2005-04-01,-42544.171875
2005-04-04,24838.4433594
2005-04-05,68261.5546875
2005-04-06,54287.3203125
2005-04-07,-10630.5234375
2005-04-08,44585.328125
2005-04-11,27874.7695312
2005-04-12,-34764.546875
2005-04-13,-48502.6367188
2005-04-14,19906.6386719
2005-04-15,-155319.34375
2005-04-18,95424.2890625
2005-04-19,129604.109375
2005-04-20,40420.9609375
2005-04-21,-94096.734375
2005-04-22,18461.2988281
2005-04-25,20904.7851562
2005-04-26,-53511.9882812
2005-04-27,-24048.03125
2005-04-28,-29029.0585938
2005-04-29,-13332.1503906
2005-05-02,71624.8125
2005-05-03,-131092.125
2005-05-04,39279.4453125
2005-05-05,112560.953125
2005-05-06,21171.8085938
2005-05-09,-44153.4375
2005-05-10,42805.765625
2005-05-11,14814.3369141
2005-05-12,-121250.609375
2005-05-13,-22041.96875
2005-05-16,-27373.96875
2005-05-17,67170.09375
2005-05-18,-42912.1523438
2005-05-19,48345.4609375
2005-05-20,-180752.3125
2005-05-23,102866.9375
2005-05-24,26547.9628906
2005-05-25,114188.75
2005-05-26,-87096.203125
2005-05-27,23621.9492188
2005-05-31,-29164.5175781
2005-06-01,-33374.375
2005-06-02,39727.0742188
2005-06-03,1181.86523438
2005-06-06,12557.1738281
2005-06-07,-380.282226562
2005-06-08,37269.234375
2005-06-09,92494.859375
2005-06-10,-18565.3398438
2005-06-13,9248.07226562
2005-06-14,-38398.84375
2005-06-15,-13854.9765625
2005-06-16,21501.7558594
2005-06-17,-10106.03125
2005-06-20,78451.734375
2005-06-21,52937.7109375
2005-06-22,25090.5507812
2005-06-23,33267.359375
2005-06-24,-22928.6933594
2005-06-27,-15739.6542969
2005-06-28,73061.1796875
2005-06-29,25806.7578125
2005-06-30,52962.0195312
2005-07-01,-39607.6445312
2005-07-05,21851.5175781
2005-07-06,37557.5976562
2005-07-07,-4821.875
2005-07-08,-65657.8515625
2005-07-11,15942.1972656
2005-07-12,25022.9179688
2005-07-13,-21771.6953125
2005-07-14,48676.140625
2005-07-15,-8681.55175781
2005-07-18,-20679.6367188
2005-07-19,43504.1914062
2005-07-20,87893.3984375
2005-07-21,-2451.28173828
2005-07-22,71855.21875
2005-07-25,-37844.9414062
2005-07-26,57798.4257812
2005-07-27,6939.91894531
2005-07-28,-31192.5546875
2005-07-29,29584.4199219
2005-08-01,-10054.640625
2005-08-02,21609.4628906
2005-08-03,65239.5117188
2005-08-04,-49398.4921875
2005-08-05,-6141.23632812
2005-08-08,-38764.53125
2005-08-09,78955.8125
2005-08-10,-101406.070312
2005-08-11,-117190.929688
2005-08-12,-10605.8095703
2005-08-15,-93468.609375
2005-08-16,78698.28125
2005-08-17,-99526.21875
2005-08-18,-16741.046875
2005-08-19,83703.296875
2005-08-22,7329.79492188
2005-08-23,-13349.2148438
2005-08-24,43711.3984375
2005-08-25,24659.8222656
2005-08-26,23773.1953125
2005-08-29,5246.67773438
2005-08-30,1694.81298828
2005-08-31,-53458.8984375
2005-09-01,-155406.09375
2005-09-02,79984.03125
2005-09-06,24246.8847656
2005-09-07,49.48828125
2005-09-08,-8524.078125
2005-09-09,-14618.9707031
2005-09-12,18689.9042969
2005-09-13,19058.1152344
2005-09-14,86248.03125
2005-09-15,75913.65625
2005-09-16,-3238.49731445
2005-09-19,-81806.890625
2005-09-20,-61071.1015625
2005-09-21,-55007.65625
2005-09-22,36912.0546875
2005-09-23,13004.3007812
2005-09-26,12269.4824219
2005-09-27,-9913.20703125
2005-09-28,-105292.5
2005-09-29,-26634.6171875
2005-09-30,24528.1992188
2005-10-03,-25580.8886719
2005-10-04,-86754.4375
2005-10-05,13416.6806641
2005-10-06,-66857.921875
2005-10-07,-45651.5351562
2005-10-10,-406049.625
2005-10-11,-265610.71875
2005-10-12,18674.203125
2005-10-13,149696.84375
2005-10-14,34948.5273438
2005-10-17,73304.5859375
2005-10-18,34077.0351562
2005-10-19,-20852.6269531
2005-10-20,-106018.65625
2005-10-21,10591.0996094
2005-10-24,55113.4921875
2005-10-25,11828.8388672
2005-10-26,-42376.1757812
2005-10-27,51243.625
2005-10-28,73157.0234375
2005-10-31,65029.7460938
2005-11-01,3477.390625
2005-11-02,-52958.0703125
2005-11-03,95644.078125
2005-11-04,67801.984375
2005-11-07,4082.35839844
2005-11-08,27422.7070312
2005-11-09,15916.09375
2005-11-10,49726.765625
2005-11-11,122492.5
2005-11-14,-23015.0898438
2005-11-15,54098.6367188
2005-11-16,-41200.9765625
2005-11-17,59431.5390625
2005-11-18,71245.734375
2005-11-21,7118.40527344
2005-11-22,36332.890625
2005-11-23,16835.7695312
2005-11-25,26638.4765625
2005-11-28,-39580.2421875
2005-11-29,208779.265625
2005-11-30,67388.828125
2005-12-01,-542544.0
2005-12-02,-52415.3125
2005-12-05,-6868.07763672
2005-12-06,18801.53125
2005-12-07,6018.60253906
2005-12-08,-15163.3603516
2005-12-09,36786.375
2005-12-12,-7092.9765625
2005-12-13,-6373.89746094
2005-12-14,-469.1171875
2005-12-15,14165.7714844
2005-12-16,26769.1523438
2005-12-19,18375.1640625
2005-12-20,73371.0
2005-12-21,-7279.640625
2005-12-22,-19513.2402344
2005-12-23,13074.2978516
2005-12-27,21743.5410156
2005-12-28,-21000.1621094
2005-12-29,-59655.7460938
2005-12-30,-16476.03125
2006-01-03,140751.515625
2006-01-04,50871.3515625
2006-01-05,-655.430664062
2006-01-06,-23189.4511719
2006-01-09,-57548.078125
2006-01-10,-75048.6796875
2006-01-11,-64642.1953125
2006-01-12,45971.5273438
2006-01-13,8147.70214844
2006-01-17,-99572.2265625
2006-01-18,33770.9453125
2006-01-19,-113597.585938
2006-01-20,55317.4921875
2006-01-23,-29876.3496094
2006-01-24,61775.9140625
2006-01-25,-1089.15234375
2006-01-26,16187.4628906
2006-01-27,7977.33251953
2006-01-30,53120.8710938
2006-01-31,18806.7988281
2006-02-01,88924.921875
2006-02-02,-8379.99511719
2006-02-03,10113.7617188
2006-02-06,13246.3515625
2006-02-07,-12157.5253906
2006-02-08,60318.6015625
2006-02-09,-121718.671875
2006-02-10,-9920.65234375
2006-02-13,-13922.9179688
2006-02-14,-20404.5996094
2006-02-15,-8306.67089844
2006-02-16,58125.9453125
2006-02-17,16385.0253906
2006-02-21,-58397.28125
2006-02-22,79872.796875
2006-02-23,-59358.1992188
2006-02-24,-44906.09375
2006-02-27,148660.546875
2006-02-28,8477.91796875
2006-03-01,-7174.17480469
2006-03-02,40180.4648438
2006-03-03,58713.4296875
2006-03-06,93454.78125
2006-03-07,-28020.0839844
2006-03-08,-2289.51928711
2006-03-09,-26617.1953125
2006-03-10,31945.5703125
2006-03-13,50238.125
2006-03-14,-21008.3867188
2006-03-15,-27782.4394531
2006-03-16,-19035.8867188
2006-03-17,381.545898438
2006-03-20,79370.78125
2006-03-21,50256.2695312
2006-03-22,-8739.43164062
2006-03-23,-29305.8046875
2006-03-24,-9585.26660156
2006-03-27,-36462.375
2006-03-28,-25246.4492188
2006-03-29,-36603.0546875
2006-03-30,-9002.88671875
2006-03-31,36435.5507812
2006-04-03,-28450.875
2006-04-04,-8697.453125
2006-04-05,-7137.06054688
2006-04-06,37528.2773438
2006-04-07,75651.0703125
2006-04-10,46902.6796875
2006-04-11,-35784.7851562
2006-04-12,54186.0390625
2006-04-13,39117.8828125
2006-04-17,35709.359375
2006-04-18,-27520.6308594
2006-04-19,-31192.5976562
2006-04-20,89938.28125
2006-04-21,-44522.9765625
2006-04-24,-7775.07128906
2006-04-25,47423.734375
2006-04-26,-5681.64941406
2006-04-27,-99405.90625
2006-04-28,88432.140625
2006-05-01,100501.125
2006-05-02,-41318.8203125
2006-05-03,-165.404296875
2006-05-04,45688.8203125
2006-05-05,43617.7226562
2006-05-08,-8424.61132812
2006-05-09,-16060.5361328
2006-05-10,30463.234375
2006-05-11,-5340.14257812
2006-05-12,34576.65625
2006-05-15,-110390.421875
2006-05-16,-21120.359375
2006-05-17,-88979.8125
2006-05-18,32554.421875
2006-05-19,20234.0117188
2006-05-22,-44504.21875
2006-05-23,63724.15625
2006-05-24,-9506.203125
2006-05-25,-76193.4375
2006-05-26,15185.8554688
2006-05-30,57380.421875
2006-05-31,-58245.7109375
2006-06-01,63238.3476562
2006-06-02,-34750.203125
2006-06-05,32313.2578125
2006-06-06,-57641.9882812
2006-06-07,-177095.890625
2006-06-08,-25326.6542969
2006-06-09,-39669.34375
2006-06-12,-58814.2734375
2006-06-13,-17774.1855469
2006-06-14,165449.03125
2006-06-15,162003.421875
2006-06-16,2503.71289062
2006-06-19,111081.085938
2006-06-20,32609.6152344
2006-06-21,90006.203125
2006-06-22,15159.4726562
2006-06-23,-84418.609375
2006-06-26,-26754.5566406
2006-06-27,-77699.7421875
2006-06-28,11523.5332031
2006-06-29,81502.640625
2006-06-30,36205.90625
2006-07-03,-38083.2148438
2006-07-05,-28549.8476562
2006-07-06,8670.45019531
2006-07-07,-85969.09375
2006-07-10,-5158.09082031
2006-07-11,44822.8828125
2006-07-12,-88624.5546875
2006-07-13,-12537.5869141
2006-07-14,-60065.71875
2006-07-17,-76210.734375
2006-07-18,-31462.4941406
2006-07-19,10223.640625
2006-07-20,-9507.4375
2006-07-21,45873.1171875
2006-07-24,92924.640625
2006-07-25,66067.796875
2006-07-26,-14727.5957031
2006-07-27,15709.4150391
2006-07-28,31163.5625
2006-07-31,24118.7011719
2006-08-01,109666.367188
2006-08-02,-45898.75
2006-08-03,121073.664062
2006-08-04,-15876.8964844
2006-08-07,-10680.8583984
2006-08-08,-11900.9267578
2006-08-09,-49154.5390625
2006-08-10,46628.8828125
2006-08-11,6739.00976562
2006-08-14,-68530.90625
2006-08-15,86998.671875
2006-08-16,-40507.8125
2006-08-17,-47149.3320312
2006-08-18,44295.1835938
2006-08-21,83028.078125
2006-08-22,-32723.6035156
2006-08-23,202.294921875
2006-08-24,1696.70214844
2006-08-25,32677.1503906
2006-08-28,35689.6992188
2006-08-29,-30990.3476562
2006-08-30,-84999.0625
2006-08-31,33340.7304688
2006-09-01,71569.9921875
2006-09-05,-30914.8691406
2006-09-06,17385.7734375
2006-09-07,6984.70898438
2006-09-08,-56701.5234375
2006-09-11,-37012.6796875
2006-09-12,-157200.5625
2006-09-13,111213.921875
2006-09-14,-88515.7265625
2006-09-15,-11337.7089844
2006-09-18,96447.3046875
2006-09-19,-2646.18554688
2006-09-20,118561.015625
2006-09-21,50493.8164062
2006-09-22,2525.37304688
2006-09-25,348.116210938
2006-09-26,-17033.1191406
2006-09-27,75001.3203125
2006-09-28,-20447.0820312
2006-09-29,-5477.75
2006-10-02,-20690.6953125
2006-10-03,73955.015625
2006-10-04,64337.9140625
2006-10-05,125192.671875
2006-10-06,21280.765625
2006-10-09,9617.25195312
2006-10-10,-3978.51611328
2006-10-11,-912.720458984
2006-10-12,-59881.1640625
2006-10-13,-7482.75830078
2006-10-16,-45780.6953125
2006-10-17,47822.3515625
2006-10-18,78016.4140625
2006-10-19,15224.0400391
2006-10-20,-71390.765625
2006-10-23,62922.2539062
2006-10-24,114281.164062
2006-10-25,96611.5859375
2006-10-26,81611.8203125
2006-10-27,36174.5234375
2006-10-30,5196.66845703
2006-10-31,4587.99511719
2006-11-01,4162.73046875
2006-11-02,-9052.15625
2006-11-03,39598.421875
2006-11-06,-20168.9785156
2006-11-07,49956.953125
2006-11-08,19585.9121094
2006-11-09,67478.640625
2006-11-10,34772.1015625
2006-11-13,37935.7382812
2006-11-14,-126425.265625
2006-11-15,-11952.9619141
2006-11-16,-7034.92773438
2006-11-17,-11404.8027344
2006-11-20,216.0078125
2006-11-21,-58459.3046875
2006-11-22,-36389.0742188
2006-11-24,-658.891601562
2006-11-27,58166.7421875
2006-11-28,-14129.4677734
2006-11-29,-34846.015625
2006-11-30,8071.26757812
2006-12-01,-37260.4375
2006-12-04,64021.7929688
2006-12-05,-33899.8320312
2006-12-06,13815.0839844
2006-12-07,7375.58886719
2006-12-08,24321.9570312
2006-12-11,17978.390625
2006-12-12,15667.7539062
2006-12-13,-3999.69458008
2006-12-14,42713.2070312
2006-12-15,10613.1582031
2006-12-18,69090.140625
2006-12-19,-10656.6923828
2006-12-20,-71233.5703125
2006-12-21,-7232.69335938
2006-12-22,-8559.63671875
2006-12-26,12858.1259766
2006-12-27,30749.8320312
2006-12-28,5476.78613281
2006-12-29,1270.99291992
2007-01-03,12044.8574219
2007-01-04,-18509.2265625
2007-01-05,92027.296875
2007-01-08,7011.33691406
2007-01-09,7454.37597656
2007-01-10,-22107.6757812
2007-01-11,-64042.9570312
2007-01-12,34279.234375
2007-01-16,-49451.8164062
2007-01-17,-37805.671875
2007-01-18,-33011.6328125
2007-01-19,-40959.7148438
2007-01-22,-9803.77734375
2007-01-23,-121232.671875
2007-01-24,305.73828125
2007-01-25,24024.7382812
2007-01-26,-21496.8398438
2007-01-29,5651.33691406
2007-01-30,-12210.1757812
2007-01-31,-17541.265625
2007-02-01,11217.4365234
2007-02-02,12914.2773438
2007-02-05,20548.8144531
2007-02-06,-13010.9707031
2007-02-07,-49441.7890625
2007-02-08,-10213.7724609
2007-02-09,56699.5
2007-02-12,2770.68945312
2007-02-13,7986.890625
2007-02-14,-13278.5517578
2007-02-15,39490.046875
2007-02-16,-12712.1210938
2007-02-20,-32097.9355469
2007-02-21,918.411621094
2007-02-22,62404.8984375
2007-02-23,-25966.90625
2007-02-26,-58617.9921875
2007-02-27,28150.6953125
2007-02-28,23018.7265625
2007-03-01,-9729.78320312
2007-03-02,17290.9785156
2007-03-05,-35069.1210938
2007-03-06,82378.0390625
2007-03-07,10421.5712891
2007-03-08,-48878.2382812
2007-03-09,14519.0341797
2007-03-12,-38587.640625
2007-03-13,31380.5859375
2007-03-14,50224.4765625
2007-03-15,52629.5429688
2007-03-16,30723.1640625
2007-03-19,-6575.75830078
2007-03-20,33565.640625
2007-03-21,-23989.265625
2007-03-22,41067.796875
2007-03-23,23583.96875
2007-03-26,-41034.9296875
2007-03-27,15425.6132812
2007-03-28,-46922.6015625
2007-03-29,10727.0253906
2007-03-30,29657.1542969
2007-04-02,13865.6425781
2007-04-03,-18929.8359375
2007-04-04,-40693.2539062
2007-04-05,10814.5527344
2007-04-09,-2202.171875
2007-04-10,-1298.10449219
2007-04-11,5140.65820312
2007-04-12,-21248.7558594
2007-04-13,3095.40576172
2007-04-16,-6854.54492188
2007-04-17,-13448.4462891
2007-04-18,-20108.9765625
2007-04-19,17883.3789062
2007-04-20,28434.9980469
2007-04-23,-10731.0683594
2007-04-24,46954.2695312
2007-04-25,55471.4765625
2007-04-26,21113.7539062
2007-04-27,-2337.79589844
2007-04-30,16275.5830078
2007-05-01,2532.62304688
2007-05-02,70062.96875
2007-05-03,566.310546875
2007-05-04,-13322.2451172
2007-05-07,-36113.2734375
2007-05-08,17315.3457031
2007-05-09,23763.1484375
2007-05-10,25660.2382812
2007-05-11,-11938.5068359
2007-05-14,-42453.1835938
2007-05-15,-827.654296875
2007-05-16,24690.1523438
2007-05-17,-52444.5625
2007-05-18,-19321.6074219
2007-05-21,2197.38330078
2007-05-22,59754.1015625
2007-05-23,13981.8076172
2007-05-24,-26593.9199219
2007-05-25,-12638.0214844
2007-05-29,14863.4921875
2007-05-30,-75234.796875
2007-05-31,10929.8222656
2007-06-01,18894.9472656
2007-06-04,45393.3515625
2007-06-05,-24523.0722656
2007-06-06,7131.56347656
2007-06-07,-58514.34375
2007-06-08,-7720.63085938
2007-06-11,-7047.828125
2007-06-12,8177.89355469
2007-06-13,-33380.6835938
2007-06-14,10998.421875
2007-06-15,-48129.6289062
2007-06-18,4877.51757812
2007-06-19,6859.8359375
2007-06-20,-42030.5820312
2007-06-21,25922.28125
2007-06-22,-28153.46875
2007-06-25,62808.5898438
2007-06-26,32545.1328125
2007-06-27,54194.40625
2007-06-28,659.787109375
2007-06-29,56161.3203125
2007-07-02,19233.5234375
2007-07-03,4810.23925781
2007-07-05,14123.8466797
2007-07-06,24172.34375
2007-07-09,46133.9804688
2007-07-10,27516.6230469
2007-07-11,-5204.54345703
2007-07-12,33040.0273438
2007-07-13,19234.4570312
2007-07-16,14215.1640625
2007-07-17,29856.7246094
2007-07-18,59354.9492188
2007-07-19,-18204.3984375
2007-07-20,-69143.078125
2007-07-23,-30823.984375
2007-07-24,-65646.109375
2007-07-25,-26367.8554688
2007-07-26,-97623.796875
2007-07-27,-7852.01757812
2007-07-30,12809.2265625
2007-07-31,-7663.61914062
2007-08-01,-20458.25
2007-08-02,2344.40234375
2007-08-03,-67229.8515625
2007-08-06,-50665.8789062
2007-08-07,98867.765625
2007-08-08,10244.2763672
2007-08-09,-66316.0703125
2007-08-10,399551.65625
2007-08-13,201542.5
2007-08-14,-12788.1279297
2007-08-15,3290.03320312
2007-08-16,61462.078125
2007-08-17,105559.296875
2007-08-20,102735.75
2007-08-21,-8936.2109375
2007-08-22,-44504.4335938
2007-08-23,45226.078125
2007-08-24,-82227.8515625
2007-08-27,24157.5507812
2007-08-28,34955.0859375
2007-08-29,45795.3828125
2007-08-30,-43388.0859375
2007-08-31,-72953.5625
2007-09-04,490.52734375
2007-09-05,133294.03125
2007-09-06,-37791.7304688
2007-09-07,-42957.7734375
2007-09-10,-40437.5234375
2007-09-11,30261.84375
2007-09-12,-30291.3398438
2007-09-13,-64976.875
2007-09-14,32431.2402344
2007-09-17,10371.1025391
2007-09-18,-47496.15625
2007-09-19,4115.57568359
2007-09-20,110185.265625
2007-09-21,-23021.6679688
2007-09-24,-103006.101562
2007-09-25,-25309.8398438
2007-09-26,-28648.9335938
2007-09-27,26088.8105469
2007-09-28,-15306.1679688
2007-10-01,-63943.03125
2007-10-02,-6002.39892578
2007-10-03,-18614.6972656
2007-10-04,118142.78125
2007-10-05,-31670.65625
2007-10-08,-9633.9921875
2007-10-09,-5589.17773438
2007-10-10,-23800.203125
2007-10-11,-44232.5195312
2007-10-12,17425.9101562
2007-10-15,-7794.87890625
2007-10-16,-19753.34375
2007-10-17,-19471.4921875
2007-10-18,-59622.7109375
2007-10-19,-77700.8203125
2007-10-22,70538.265625
2007-10-23,53607.5
2007-10-24,53172.0859375
2007-10-25,-53402.9882812
2007-10-26,129607.820312
2007-10-29,1862.62597656
2007-10-30,96208.6328125
2007-10-31,2060.60644531
2007-11-01,-45860.390625
2007-11-02,-163477.609375
2007-11-05,-66114.78125
2007-11-06,82842.3125
2007-11-07,-35894.4765625
2007-11-08,10144.8164062
2007-11-09,127273.34375
2007-11-12,-53272.6484375
2007-11-13,-77335.515625
2007-11-14,233816.71875
2007-11-15,155407.03125
2007-11-16,-71621.421875
2007-11-19,-198166.59375
2007-11-20,-192449.375
2007-11-21,-45676.5585938
2007-11-23,237652.84375
2007-11-26,-37916.4375
2007-11-27,-30269.4960938
2007-11-28,219678.78125
2007-11-29,109741.796875
2007-11-30,-198147.078125
2007-12-03,-12386.9570312
2007-12-04,153542.59375
2007-12-05,-23591.3398438
2007-12-06,226821.71875
2007-12-07,32908.2421875
2007-12-10,-245099.84375
2007-12-11,-27521.25
2007-12-12,92703.390625
2007-12-13,-49214.5546875
2007-12-14,-61677.7578125
2007-12-17,33802.953125
2007-12-18,-11049.9375
2007-12-19,88976.921875
2007-12-20,-7460.33007812
2007-12-21,8718.84179688
2007-12-24,105708.9375
2007-12-26,-59975.859375
2007-12-27,81382.421875
2007-12-28,101689.796875
2007-12-31,57291.9609375
2008-01-02,8482.8359375
2008-01-03,178534.734375
2008-01-04,-87982.1875
2008-01-07,2973.58398438
2008-01-08,-286893.8125
2008-01-09,-76670.34375
2008-01-10,552954.3125
2008-01-11,-72194.625
2008-01-14,38195.0898438
2008-01-15,33014.25
2008-01-16,211199.625
2008-01-17,-169943.890625
2008-01-18,7392.58398438
2008-01-22,574009.75
2008-01-23,-5776.6171875
2008-01-24,264868.9375
2008-01-25,88985.53125
2008-01-28,31075.1152344
2008-01-29,-26584.1269531
2008-01-30,26586.9433594
2008-01-31,-122151.046875
2008-02-01,145931.640625
2008-02-04,265327.875
2008-02-05,63913.8984375
2008-02-06,-56451.21875
2008-02-07,81778.890625
2008-02-08,-21727.6425781
2008-02-11,-74839.9609375
2008-02-12,108226.328125
2008-02-13,-136552.625
2008-02-14,84822.734375
2008-02-15,131841.71875
2008-02-19,-91709.2109375
2008-02-20,61985.8046875
2008-02-21,12360.0566406
2008-02-22,-6443.13183594
2008-02-25,58731.8359375
2008-02-26,-4352.46240234
2008-02-27,25244.7109375
2008-02-28,126463.296875
2008-02-29,15006.4980469
2008-03-03,-164728.984375
2008-03-04,-12767.2509766
2008-03-05,-158547.46875
2008-03-06,31767.5722656
2008-03-07,266375.375
2008-03-10,-237043.84375
2008-03-11,-98855.453125
2008-03-12,-151373.96875
2008-03-13,-55272.7148438
2008-03-14,-167954.03125
2008-03-17,-81872.5859375
2008-03-18,782240.8125
2008-03-19,-255939.390625
2008-03-20,-590313.8125
2008-03-24,318598.96875
2008-03-25,89971.3984375
2008-03-26,-2021.85900879
2008-03-27,34535.8515625
2008-03-28,-129191.976562
2008-03-31,42830.8203125
2008-04-01,237500.0
2008-04-02,-114308.460938
2008-04-03,-11188.1582031
2008-04-04,-65498.3984375
2008-04-07,-34150.6367188
2008-04-08,-181592.84375
2008-04-09,43649.8632812
2008-04-10,36314.4882812
2008-04-11,-30745.2265625
2008-04-14,-15391.9375
2008-04-15,-2718.97460938
2008-04-16,67277.9296875
2008-04-17,-42366.3203125
2008-04-18,-43923.9648438
2008-04-21,128926.351562
2008-04-22,82197.421875
2008-04-23,-120816.921875
2008-04-24,56540.9375
2008-04-25,23153.5
2008-04-28,-43416.5625
2008-04-29,88211.078125
2008-04-30,-22065.2871094
2008-05-01,-199567.6875
2008-05-02,-89767.171875
2008-05-05,127507.773438
2008-05-06,-79929.171875
2008-05-07,-50740.671875
2008-05-08,-61925.7578125
2008-05-09,-36909.9960938
2008-05-12,112595.5
2008-05-13,-48345.65625
2008-05-14,-29348.59375
2008-05-15,-17770.1289062
2008-05-16,134947.0625
2008-05-19,51904.4453125
2008-05-20,-171124.5625
2008-05-21,-51167.3828125
2008-05-22,8374.5859375
2008-05-23,-107832.179688
2008-05-27,-77758.2578125
2008-05-28,-4578.97460938
2008-05-29,-125103.40625
2008-05-30,-95029.171875
2008-06-02,112240.390625
2008-06-03,14945.4609375
2008-06-04,119945.171875
2008-06-05,43521.4296875
2008-06-06,-115858.0
2008-06-09,-78134.625
2008-06-10,143170.296875
2008-06-11,-263417.15625
2008-06-12,-193693.25
2008-06-13,96330.140625
2008-06-16,-19076.4394531
2008-06-17,10788.8183594
2008-06-18,50646.1171875
2008-06-19,112953.984375
2008-06-20,88308.390625
2008-06-23,155080.109375
2008-06-24,58323.7851562
2008-06-25,143683.96875
2008-06-26,86319.890625
2008-06-27,55042.734375
2008-06-30,-216475.78125
2008-07-01,-127355.125
2008-07-02,53999.265625
2008-07-03,14490.6699219
2008-07-07,-12016.4697266
2008-07-08,-40314.78125
2008-07-09,-330214.3125
2008-07-10,372315.8125
2008-07-11,-205295.171875
2008-07-14,-263967.0625
2008-07-15,-169597.96875
2008-07-16,1246118.0
2008-07-17,112590.859375
2008-07-18,-84616.109375
2008-07-21,226976.34375
2008-07-22,26595.03125
2008-07-23,345188.6875
2008-07-24,368358.3125
2008-07-25,100354.515625
2008-07-28,-313475.96875
2008-07-29,119367.640625
2008-07-30,-92607.625
2008-07-31,-107632.820312
2008-08-01,-150506.84375
2008-08-04,-245592.265625
2008-08-05,-163636.984375
2008-08-06,157619.875
2008-08-07,229157.75
2008-08-08,139349.078125
2008-08-11,108075.703125
2008-08-12,152060.984375
2008-08-13,303896.25
2008-08-14,243970.875
2008-08-15,213556.90625
2008-08-18,261652.6875
2008-08-19,277932.21875
2008-08-20,-282947.6875
2008-08-21,-149787.015625
2008-08-22,115130.625
2008-08-25,-34558.109375
2008-08-26,176304.765625
2008-08-27,-151699.5625
2008-08-28,-89904.046875
2008-08-29,107842.773438
2008-09-02,-430848.375
2008-09-03,-213668.59375
2008-09-04,72016.234375
2008-09-05,-82385.0625
2008-09-08,-270611.375
2008-09-09,207259.09375
2008-09-10,-491945.71875
2008-09-11,-205727.796875
2008-09-12,-228100.71875
2008-09-15,-741438.375
2008-09-16,-26364.21875
2008-09-17,-1147490.125
2008-09-18,-610889.625
2008-09-19,1095299.125
2008-09-22,748076.0
2008-09-23,150167.3125
2008-09-24,100221.976562
2008-09-25,-637.4609375
2008-09-26,-721298.625
2008-09-29,-215689.28125
2008-09-30,2841936.5
2008-10-01,589381.0625
2008-10-02,-112928.328125
2008-10-03,-91764.0234375
2008-10-06,-36301.75
2008-10-07,107257.203125
2008-10-08,187288.453125
2008-10-09,-600355.9375
2008-10-10,78270.4765625
2008-10-13,526171.9375
2008-10-14,-149815.8125
2008-10-15,476372.9375
2008-10-16,267631.09375
2008-10-17,171121.5625
2008-10-20,-163721.78125
2008-10-21,161656.703125
2008-10-22,157422.578125
2008-10-23,-103120.179688
2008-10-24,-172596.765625
2008-10-27,21636.140625
2008-10-28,519834.875
2008-10-29,296519.90625
2008-10-30,-132142.6875
2008-10-31,-269366.03125
2008-11-03,734489.0625
2008-11-04,-43920.7539062
2008-11-05,-134151.09375
2008-11-06,310792.5
2008-11-07,78438.21875
2008-11-10,-176499.953125
2008-11-11,-297474.125
2008-11-12,-380966.96875
2008-11-13,618033.6875
2008-11-14,-362326.625
2008-11-17,152754.453125
2008-11-18,-156689.28125
2008-11-19,-577175.0
2008-11-20,-3334.515625
2008-11-21,157330.8125
2008-11-24,724894.25
2008-11-25,140171.953125
2008-11-26,-561200.875
2008-11-28,-116321.25
2008-12-01,473597.75
2008-12-02,-20524.40625
2008-12-03,184489.765625
2008-12-04,-135709.53125
2008-12-05,-334416.0625
2008-12-08,360433.09375
2008-12-09,68322.6171875
2008-12-10,-425768.0
2008-12-11,-396649.46875
2008-12-12,-196233.453125
2008-12-15,-251618.5625
2008-12-16,-204885.765625
2008-12-17,144284.875
2008-12-18,90306.265625
2008-12-19,-106842.671875
2008-12-22,-211209.5625
2008-12-23,73277.1875
2008-12-24,-15025.09375
2008-12-26,236639.09375
2008-12-29,127598.65625
2008-12-30,-190684.5625
2008-12-31,170712.28125
2009-01-02,-77733.65625
2009-01-05,-29014.5058594
2009-01-06,-562569.625
2009-01-07,240056.5
2009-01-08,-131643.953125
2009-01-09,-148253.65625
2009-01-12,158005.375
2009-01-13,162431.234375
2009-01-14,-453858.5
2009-01-15,107866.734375
2009-01-16,5465.96484375
2009-01-20,-605557.3125
2009-01-21,213875.0625
2009-01-22,-440424.0
2009-01-23,-415524.5625
2009-01-26,-363343.875
2009-01-27,-48282.4453125
2009-01-28,397740.625
2009-01-29,93605.5
2009-01-30,315415.875
2009-02-02,-132346.375
2009-02-03,-245733.71875
2009-02-04,-199626.84375
2009-02-05,-18663.8203125
2009-02-06,412542.78125
2009-02-09,-35979.8046875
2009-02-10,940959.625
2009-02-11,-298208.15625
2009-02-12,-191693.375
2009-02-13,119816.914062
2009-02-17,-260158.21875
2009-02-18,-16707.7148438
2009-02-19,-508497.71875
2009-02-20,-377899.53125
2009-02-23,-23025.21875
2009-02-24,43772.7929688
2009-02-25,-398606.9375
2009-02-26,-186248.203125
2009-02-27,65945.84375
2009-03-02,47790.7890625
2009-03-03,-250694.1875
2009-03-04,226489.53125
2009-03-05,-285537.5625
2009-03-06,41387.5273438
2009-03-09,303872.59375
2009-03-10,442790.5625
2009-03-11,87728.0625
2009-03-12,-544176.375
2009-03-13,-421.0625
2009-03-16,234168.828125
2009-03-17,57312.7539062
2009-03-18,-359579.4375
2009-03-19,482747.25
2009-03-20,408900.5625
2009-03-23,807409.25
2009-03-24,-142060.78125
2009-03-25,-215556.90625
2009-03-26,-74730.984375
2009-03-27,216343.546875
2009-03-30,239386.140625
2009-03-31,128152.5625
2009-04-01,289429.25
2009-04-02,-56484.2265625
2009-04-03,-83399.3203125
2009-04-06,42746.8515625
2009-04-07,365665.5
2009-04-08,66768.3515625
2009-04-09,548787.0
2009-04-13,168503.6875
2009-04-14,660995.0
2009-04-15,-324448.0625
2009-04-16,14421.5849609
2009-04-17,-186633.125
2009-04-20,330870.375
2009-04-21,-210454.28125
2009-04-22,-102004.421875
2009-04-23,-243314.125
2009-04-24,-221677.703125
2009-04-27,245589.046875
2009-04-28,48498.0820312
2009-04-29,295881.75
2009-04-30,61975.34375
2009-05-01,-48925.0351562
2009-05-04,-27725.5390625
2009-05-05,7741.48046875
2009-05-06,-623742.375
2009-05-07,-203726.09375
2009-05-08,-865040.125
2009-05-11,-126261.984375
2009-05-12,235126.421875
2009-05-13,-287032.46875
2009-05-14,192072.171875
2009-05-15,-154278.875
2009-05-18,-449806.1875
2009-05-19,2898.71484375
2009-05-20,96626.671875
2009-05-21,-83777.5
2009-05-22,69312.015625
2009-05-26,-12988.5683594
2009-05-27,-192557.4375
2009-05-28,-39209.0742188
2009-05-29,-93513.546875
2009-06-01,23912.2773438
2009-06-02,-122744.625
2009-06-03,151181.1875
2009-06-04,181710.734375
2009-06-05,1135.296875
2009-06-08,-17469.1953125
2009-06-09,35529.96875
2009-06-10,44218.40625
2009-06-11,27838.8554688
2009-06-12,-16104.1660156
2009-06-15,44421.7695312
2009-06-16,-2998.04296875
2009-06-17,-162522.90625
2009-06-18,-162983.671875
2009-06-19,31870.0683594
2009-06-22,-2968.86328125
2009-06-23,-6187.20507812
2009-06-24,104802.445312
2009-06-25,-41302.5703125
2009-06-26,3247.10107422
2009-06-29,-47286.2226562
2009-06-30,-16408.5859375
2009-07-01,-97479.0625
2009-07-02,-33752.3203125
2009-07-06,-132606.96875
2009-07-07,-96555.5390625
2009-07-08,-64711.2851562
2009-07-09,13734.1796875
2009-07-10,-88559.6796875
2009-07-13,68358.4375
2009-07-14,99727.4453125
2009-07-15,-146654.765625
2009-07-16,370246.5625
2009-07-17,1579.0859375
2009-07-20,1523403.625
2009-07-21,352912.03125
2009-07-22,251219.328125
2009-07-23,-103946.679688
2009-07-24,12570.6796875
2009-07-27,-70235.359375
2009-07-28,76139.578125
2009-07-29,84982.8203125
2009-07-30,170705.109375
2009-07-31,70029.625
2009-08-03,-154557.25
2009-08-04,-10464.5244141
2009-08-05,-53145.8085938
2009-08-06,-31393.46875
2009-08-07,-443671.03125
2009-08-10,54512.0859375
2009-08-11,144654.765625
2009-08-12,63181.1640625
2009-08-13,123518.023438
2009-08-14,107266.992188
2009-08-17,171617.140625
2009-08-18,120390.554688
2009-08-19,-35896.8125
2009-08-20,-106331.09375
2009-08-21,-45286.046875
2009-08-24,-16219.0273438
2009-08-25,5675.99023438
2009-08-26,14934.0908203
2009-08-27,-49605.2734375
2009-08-28,-101257.695312
2009-08-31,59401.5625
2009-09-01,234982.546875
2009-09-02,57627.9296875
2009-09-03,177338.1875
2009-09-04,49018.0039062
2009-09-08,-80236.8046875
2009-09-09,-54498.171875
2009-09-10,-124465.578125
2009-09-11,-27392.7734375
2009-09-14,-15370.8398438
2009-09-15,-12312.8544922
2009-09-16,-66992.046875
2009-09-17,102917.257812
2009-09-18,50147.6484375
2009-09-21,-17273.1523438
2009-09-22,36351.6015625
2009-09-23,-88028.8359375
2009-09-24,173568.96875
2009-09-25,-62140.2929688
2009-09-28,126016.507812
2009-09-29,16993.4628906
2009-09-30,-3864.71972656
2009-10-01,-29619.359375
2009-10-02,-7130.47460938
2009-10-05,193146.28125
2009-10-06,29836.6992188
2009-10-07,-30654.2363281
2009-10-08,-148318.1875
2009-10-09,24163.3515625
2009-10-12,-3820.04882812
2009-10-13,-4535.08984375
2009-10-14,-9205.37109375
2009-10-15,-30030.8535156
2009-10-16,138225.015625
2009-10-19,13037.1777344
2009-10-20,-41588.7460938
2009-10-21,-31416.5742188
2009-10-22,102642.390625
2009-10-23,-40457.0742188
2009-10-26,78123.96875
2009-10-27,-37624.53125
2009-10-28,-131915.21875
2009-10-29,104325.703125
2009-10-30,-180270.84375
2009-11-02,-4334.86132812
2009-11-03,111679.414062
2009-11-04,24317.59375
2009-11-05,-52159.5117188
2009-11-06,-98279.0078125
2009-11-09,-19874.2558594
2009-11-10,89302.703125
2009-11-11,-76384.90625
2009-11-12,-57000.2304688
2009-11-13,37612.9335938
2009-11-16,144299.25
2009-11-17,67570.984375
2009-11-18,33407.25
2009-11-19,-2432.875
2009-11-20,13187.6855469
2009-11-23,8851.68164062
2009-11-24,-21575.7519531
2009-11-25,63763.2734375
2009-11-27,-53296.140625
2009-11-30,52860.9140625
2009-12-01,35435.2109375
2009-12-02,-74995.421875
2009-12-03,-102498.992188
2009-12-04,-57821.4765625
2009-12-07,-131742.65625
2009-12-08,-65181.7382812
2009-12-09,-14832.6269531
2009-12-10,29209.7480469
2009-12-11,25776.7148438
2009-12-14,-84397.8046875
2009-12-15,95281.6953125
2009-12-16,-62949.9375
2009-12-17,-33619.9921875
2009-12-18,-19097.1582031
2009-12-21,-30771.1953125
2009-12-22,-23842.9492188
2009-12-23,-71669.5625
2009-12-24,-25458.8085938
2009-12-28,11491.2910156
2009-12-29,48099.2226562
2009-12-30,39285.6289062
2009-12-31,8348.87890625
2010-01-04,24743.328125
2010-01-05,-46876.0234375
2010-01-06,-86387.1328125
2010-01-07,-114368.960938
2010-01-08,-42038.6914062
2010-01-11,-18471.5273438
2010-01-12,70017.671875
2010-01-13,51913.3046875
2010-01-14,-24019.4394531
2010-01-15,30519.9414062
2010-01-19,-34419.2929688
2010-01-20,1094.88769531
2010-01-21,91663.125
2010-01-22,-33076.8125
2010-01-25,50100.2148438
2010-01-26,-4150.00244141
2010-01-27,31309.9199219
2010-01-28,-33363.125
2010-01-29,35359.375
2010-02-01,130314.742188
2010-02-02,-3229.22851562
2010-02-03,-7278.3046875
2010-02-04,80056.9765625
2010-02-05,47239.5273438
2010-02-08,-24388.0664062
2010-02-09,15608.3769531
2010-02-10,9477.14648438
2010-02-11,-109658.5
2010-02-12,-25688.3378906
2010-02-16,-82301.8046875
2010-02-17,23759.8203125
2010-02-18,-26407.1640625
2010-02-19,70876.828125
2010-02-22,19120.953125
2010-02-23,22799.3007812
2010-02-24,-148879.8125
2010-02-25,2499.73144531
2010-02-26,-15620.5595703
2010-03-01,25545.6914062
2010-03-02,17434.7226562
2010-03-03,1895.13378906
2010-03-04,21771.296875
2010-03-05,3600.63085938
2010-03-08,-58284.3242188
2010-03-09,-51713.1992188
2010-03-10,-64244.8867188
2010-03-11,2987.22363281
2010-03-12,26222.8828125
2010-03-15,7112.55761719
2010-03-16,-32920.3867188
2010-03-17,-10189.4472656
2010-03-18,76223.4140625
2010-03-19,41004.7226562
2010-03-22,37657.1445312
2010-03-23,37854.5507812
2010-03-24,24192.7675781
2010-03-25,20898.5019531
2010-03-26,3258.71826172
2010-03-29,89609.6171875
2010-03-30,26549.5117188
2010-03-31,-56761.6289062
2010-04-01,35215.8515625
2010-04-05,-11732.7089844
2010-04-06,11600.9716797
2010-04-07,42831.6992188
2010-04-08,13958.8105469
2010-04-09,20544.4609375
2010-04-12,7007.61767578
2010-04-13,-30381.6132812
2010-04-14,-61447.2421875
2010-04-15,-2611.07421875
2010-04-16,118885.359375
2010-04-19,28900.2832031
2010-04-20,82410.03125
2010-04-21,52689.875
2010-04-22,-96970.0859375
2010-04-23,-29826.4121094
2010-04-26,-53412.0507812
2010-04-27,111778.695312
2010-04-28,76377.703125
2010-04-29,13419.4257812
2010-04-30,-39185.7773438
2010-05-03,-68046.234375
2010-05-04,-144658.96875
2010-05-05,127899.039062
2010-05-06,-61042.2265625
2010-05-07,-79457.359375
2010-05-10,191924.09375
2010-05-11,22370.859375
2010-05-12,-101494.40625
2010-05-13,-9851.80078125
2010-05-14,104158.703125
2010-05-17,30552.8457031
2010-05-18,-164462.0625
2010-05-19,-130320.5
2010-05-20,-74179.296875
2010-05-21,85396.140625
2010-05-24,-97851.84375
2010-05-25,-123219.5625
2010-05-26,1357.4453125
2010-05-27,-181487.5
2010-05-28,41854.7734375
2010-06-01,177355.390625
2010-06-02,134874.78125
2010-06-03,-9742.80078125
2010-06-04,92380.296875
2010-06-07,-19167.078125
2010-06-08,19758.25
2010-06-09,36978.125
2010-06-10,-28896.1875
2010-06-11,37608.9375
2010-06-14,12065.3525391
2010-06-15,-63664.4609375
2010-06-16,32633.7285156
2010-06-17,31852.8925781
2010-06-18,-27762.2695312
2010-06-21,-8960.6640625
2010-06-22,19755.59375
2010-06-23,6699.48828125
2010-06-24,-93808.4296875
2010-06-25,-11268.3359375
2010-06-28,-78048.234375
2010-06-29,149999.671875
2010-06-30,13005.7617188
2010-07-01,-16744.65625
2010-07-02,-47493.1757812
2010-07-06,47219.9296875
2010-07-07,93483.1953125
2010-07-08,34714.40625
2010-07-09,-141696.0625
2010-07-12,20775.9570312
2010-07-13,-114680.828125
2010-07-14,-4668.125
2010-07-15,13058.2626953
2010-07-16,-107984.71875
2010-07-19,-17590.2070312
2010-07-20,71231.7421875
2010-07-21,47733.75
2010-07-22,-89711.296875
2010-07-23,722.4296875
2010-07-26,-93349.3203125
2010-07-27,112641.804688
2010-07-28,83260.8203125
2010-07-29,10830.7734375
2010-07-30,-5137.640625
2010-08-02,-23194.0898438
2010-08-03,13082.7792969
2010-08-04,-26866.3144531
2010-08-05,-29126.484375
2010-08-06,2249.18505859
2010-08-09,-5395.28710938
2010-08-10,-88437.8125
2010-08-11,59460.125
2010-08-12,-73594.765625
2010-08-13,-29440.0703125
2010-08-16,-2209.171875
2010-08-17,23312.4257812
2010-08-18,-8214.88671875
2010-08-19,76533.2734375
2010-08-20,-602.076171875
2010-08-23,-68046.5390625
2010-08-24,-100129.898438
2010-08-25,28341.8652344
2010-08-26,-32646.2539062
2010-08-27,42363.390625
2010-08-30,-41409.5507812
2010-08-31,-63276.6796875
2010-09-01,135238.578125
2010-09-02,53118.6875
2010-09-03,-90895.25
2010-09-07,76341.3671875
2010-09-08,-75386.1796875
2010-09-09,56082.1953125
2010-09-10,-28448.4765625
2010-09-13,-2386.02148438
2010-09-14,52015.1640625
2010-09-15,67492.6328125
2010-09-16,-41584.2421875
2010-09-17,-19669.1855469
2010-09-20,73416.515625
2010-09-21,-6126.80761719
2010-09-22,72262.1015625
2010-09-23,-16583.4765625
2010-09-24,83779.875
2010-09-27,-3979.859375
2010-09-28,-29888.5996094
2010-09-29,-44312.890625
2010-09-30,-9682.01074219
2010-10-01,-1161.47387695
2010-10-04,-8684.94140625
2010-10-05,-29252.28125
2010-10-06,14890.6796875
2010-10-07,4779.32421875
2010-10-08,-48040.5078125
2010-10-11,-43991.8164062
2010-10-12,-27571.7929688
2010-10-13,43839.1445312
2010-10-14,4883.5625
2010-10-15,-32475.9648438
2010-10-18,43780.7421875
2010-10-19,70857.59375
2010-10-20,44056.4960938
2010-10-21,-17213.9023438
2010-10-22,14760.4765625
2010-10-25,11716.3291016
2010-10-26,-13358.4765625
2010-10-27,-25776.5683594
2010-10-28,-23729.1640625
2010-10-29,-31186.7148438
2010-11-01,18509.21875
2010-11-02,-3884.63476562
2010-11-03,23285.6503906
2010-11-04,-53766.7265625
2010-11-05,-24896.015625
2010-11-08,31580.4472656
2010-11-09,87704.09375
2010-11-10,-44477.734375
2010-11-11,-11449.6894531
2010-11-12,77412.4375
2010-11-15,9157.89648438
2010-11-16,-54121.65625
2010-11-17,8234.23144531
2010-11-18,61050.96875
2010-11-19,-14591.7167969
2010-11-22,-2091.62597656
2010-11-23,-37210.3007812
2010-11-24,-26133.8828125
2010-11-26,-49215.4570312
2010-11-29,9614.90234375
2010-11-30,-30340.6152344
2010-12-01,-56916.0507812
2010-12-02,47356.9179688
2010-12-03,-49068.46875
2010-12-06,-24577.6054688
2010-12-07,822.6640625
2010-12-08,34515.9765625
2010-12-09,32487.734375
2010-12-10,-24622.609375
2010-12-13,27441.515625
2010-12-14,5622.77001953
2010-12-15,24712.9394531
2010-12-16,-35290.9023438
2010-12-17,-21685.7363281
2010-12-20,35405.984375
2010-12-21,-56094.1953125
2010-12-22,-45302.8984375
2010-12-23,45133.5234375
2010-12-27,-39704.140625
2010-12-28,-34654.5390625
2010-12-29,43250.4453125
2010-12-30,1849.92480469
2010-12-31,8557.24609375
2011-01-03,36211.3984375
2011-01-04,-74230.265625
2011-01-05,-114191.921875
2011-01-06,-51901.0078125
2011-01-07,-10962.9257812
2011-01-10,20804.921875
2011-01-11,-18058.8554688
2011-01-12,-49214.625
2011-01-13,-20218.4863281
2011-01-14,-26439.4882812
2011-01-18,8600.80664062
2011-01-19,53007.6914062
2011-01-20,-11818.9257812
2011-01-21,-11023.2646484
2011-01-24,-13295.8242188
2011-01-25,-21328.921875
2011-01-26,-85047.2265625
2011-01-27,-39308.8554688
2011-01-28,-12243.7246094
2011-01-31,17075.2675781
2011-02-01,-1846.65429688
2011-02-02,-17270.6210938
2011-02-03,30198.1328125
2011-02-04,12369.5117188
2011-02-07,49326.3828125
2011-02-08,-23552.0585938
2011-02-09,-21238.3007812
2011-02-10,30149.8183594
2011-02-11,-64322.3242188
2011-02-14,-35333.3085938
2011-02-15,23802.65625
2011-02-16,-36470.8671875
2011-02-17,38368.2890625
2011-02-18,28659.9726562
2011-02-22,37392.28125
2011-02-23,53449.203125
2011-02-24,58447.0078125
2011-02-25,-1586.73828125
2011-02-28,58666.34375
2011-03-01,123172.546875
2011-03-02,37258.2109375
2011-03-03,26622.4492188
2011-03-04,7955.47070312
2011-03-07,62542.4765625
2011-03-08,94108.1328125
2011-03-09,-169567.609375
2011-03-10,-40011.8085938
2011-03-11,39768.7734375
2011-03-14,69504.0078125
2011-03-15,839.9921875
2011-03-16,-44890.6445312
2011-03-17,15394.0078125
2011-03-18,2126.0546875
2011-03-21,-50900.3789062
2011-03-22,-17063.7578125
2011-03-23,-14163.8017578
2011-03-24,22332.2910156
2011-03-25,30276.6347656
2011-03-28,33530.5078125
2011-03-29,-17796.0234375
2011-03-30,73057.296875
2011-03-31,10371.140625
2011-04-01,11478.5449219
2011-04-04,-12133.4824219
2011-04-05,48483.3046875
2011-04-06,84655.0078125
2011-04-07,-38615.828125
2011-04-08,9249.22070312
2011-04-11,-6103.12792969
2011-04-12,24584.5351562
2011-04-13,19271.5019531
2011-04-14,3502.12207031
2011-04-15,-31183.4023438
2011-04-18,-13789.0917969
2011-04-19,-18852.515625
2011-04-20,68989.7734375
2011-04-21,-7255.01757812
2011-04-25,9159.7109375
2011-04-26,50886.125
2011-04-27,-21034.6054688
2011-04-28,26050.0507812
2011-04-29,35111.7070312
2011-05-02,-51246.9453125
2011-05-03,95849.8046875
2011-05-04,-61204.8359375
2011-05-05,4482.33984375
2011-05-06,51714.3515625
2011-05-09,64240.4960938
2011-05-10,32106.0214844
2011-05-11,147038.453125
2011-05-12,-1501.07324219
2011-05-13,-48269.875
2011-05-16,40443.9296875
2011-05-17,-28170.0078125
2011-05-18,45592.6875
2011-05-19,-3267.78320312
2011-05-20,-9144.90820312
2011-05-23,23670.7753906
2011-05-24,-78602.46875
2011-05-25,57425.7578125
2011-05-26,24866.1503906
2011-05-27,42076.515625
2011-05-31,19288.3417969
2011-06-01,105226.265625
2011-06-02,24292.3925781
2011-06-03,-31923.4824219
2011-06-06,16324.0371094
2011-06-07,-30444.734375
2011-06-08,-13852.8222656
2011-06-09,20787.6269531
2011-06-10,-12756.8691406
2011-06-13,36748.8828125
2011-06-14,98065.9375
2011-06-15,-55260.0390625
2011-06-16,49504.7109375
2011-06-17,-4060.00830078
2011-06-20,-7617.82910156
2011-06-21,61400.7109375
2011-06-22,28219.6953125
2011-06-23,-109780.546875
2011-06-24,-23297.3242188
2011-06-27,757.8359375
2011-06-28,65340.5351562
2011-06-29,22253.71875
2011-06-30,-40422.2578125
2011-07-01,-5652.04296875
2011-07-05,7117.36230469
2011-07-06,37249.625
2011-07-07,39757.953125
2011-07-08,-65515.1601562
2011-07-11,85815.90625
2011-07-12,-68219.7578125
2011-07-13,57881.5234375
2011-07-14,-43809.5546875
2011-07-15,-117430.984375
2011-07-18,-76132.203125
2011-07-19,-92999.09375
2011-07-20,48988.7773438
2011-07-21,51386.3789062
2011-07-22,29618.3183594
2011-07-25,-71199.90625
2011-07-26,-49441.3789062
2011-07-27,-60051.1796875
2011-07-28,-22776.6738281
2011-07-29,27224.7714844
2011-08-01,-40747.8320312
2011-08-02,49789.921875
2011-08-03,5138.39892578
2011-08-04,-289072.6875
2011-08-05,6075.46289062
2011-08-08,-410187.25
2011-08-09,264191.84375
2011-08-10,-195594.390625
2011-08-11,-246691.734375
2011-08-12,-83344.3125
2011-08-15,-83279.3984375
2011-08-16,-16291.7089844
2011-08-17,-54015.8828125
2011-08-18,-324673.65625
2011-08-19,-80077.796875
2011-08-22,-48945.4726562
2011-08-23,107545.765625
2011-08-24,113178.890625
2011-08-25,100646.125
2011-08-26,21271.1054688
2011-08-29,115105.664062
2011-08-30,-107904.15625
2011-08-31,-10981.1181641
2011-09-01,-2717.265625
2011-09-02,15836.1132812
2011-09-06,-72004.0078125
2011-09-07,283640.8125
2011-09-08,-100015.578125
2011-09-09,88418.09375
2011-09-12,-30056.5644531
2011-09-13,12395.4804688
2011-09-14,-63269.7578125
2011-09-15,-22676.9355469
2011-09-16,-19062.21875
2011-09-19,80615.734375
2011-09-20,-159207.375
2011-09-21,-244069.984375
2011-09-22,-247681.328125
2011-09-23,73804.8671875
2011-09-26,120528.34375
2011-09-27,22089.84375
2011-09-28,100822.65625
2011-09-29,-38635.3125
2011-09-30,-211528.28125
2011-10-03,92897.65625
2011-10-04,304790.0625
2011-10-05,199394.09375
2011-10-06,-122082.351562
2011-10-07,109371.828125
2011-10-10,-131355.515625
2011-10-11,81328.0390625
2011-10-12,-108973.125
2011-10-13,19954.8574219
2011-10-14,-34766.1132812
2011-10-17,-99353.9765625
2011-10-18,-126904.960938
2011-10-19,-183450.046875
2011-10-20,-122899.265625
2011-10-21,45340.5117188
2011-10-24,-35562.5
2011-10-25,96204.46875
2011-10-26,-92619.140625
2011-10-27,411742.09375
2011-10-28,12713.6972656
2011-10-31,311289.28125
2011-11-01,71327.1953125
2011-11-02,189243.53125
2011-11-03,110690.109375
2011-11-04,-18066.703125
2011-11-07,30566.9414062
2011-11-08,25865.90625
2011-11-09,-87339.53125
2011-11-10,-26860.8242188
2011-11-11,114005.648438
2011-11-14,-11039.5488281
2011-11-15,-20324.8554688
2011-11-16,-11618.3222656
2011-11-17,3437.20019531
2011-11-18,16454.7226562
2011-11-21,-57642.3867188
2011-11-22,-972.349609375
2011-11-23,-79289.2890625
2011-11-25,-18474.9335938
2011-11-28,188324.828125
2011-11-29,-43840.3632812
2011-11-30,-270613.4375
2011-12-01,36507.3710938
2011-12-02,-67111.796875
2011-12-05,-9526.6796875
2011-12-06,69618.671875
2011-12-07,-5165.90234375
2011-12-08,-23746.96875
2011-12-09,8855.77636719
2011-12-12,-141369.984375
2011-12-13,82557.078125
2011-12-14,-102840.585938
2011-12-15,-62270.8242188
2011-12-16,33722.203125
2011-12-19,-44527.0742188
2011-12-20,-99496.15625
2011-12-21,-47139.0625
2011-12-22,-156368.421875
2011-12-23,32762.7714844
2011-12-27,124599.5
2011-12-28,-25475.5625
2011-12-29,11150.9208984
2011-12-30,64131.1484375
2012-01-03,-134734.5625
2012-01-04,34885.3828125
2012-01-05,-15628.8320312
2012-01-06,-42469.4648438
2012-01-09,-43452.4257812
2012-01-10,33201.8945312
2012-01-11,17050.421875
2012-01-12,-59860.2851562
2012-01-13,64443.6171875
2012-01-17,-6799.45507812
2012-01-18,158774.28125
2012-01-19,-12226.5429688
2012-01-20,27646.1289062
2012-01-23,95354.46875
2012-01-24,38898.0859375
2012-01-25,-103938.734375
2012-01-26,27369.7109375
2012-01-27,-17015.8496094
2012-01-30,8848.25976562
2012-01-31,31320.6972656
2012-02-01,30443.3339844
2012-02-02,13028.0585938
2012-02-03,-128539.898438
2012-02-06,29102.9804688
2012-02-07,59875.7265625
2012-02-08,51178.421875
2012-02-09,-26915.0957031
2012-02-10,-13642.5546875
2012-02-13,3123.70898438
2012-02-14,-88038.8828125
2012-02-15,52081.265625
2012-02-16,40517.734375
2012-02-17,10609.6298828
2012-02-21,-10154.7138672
2012-02-22,36388.9921875
2012-02-23,59123.421875
2012-02-24,-48327.4375
2012-02-27,-14670.4257812
2012-02-28,33070.7265625
2012-02-29,-17392.2988281
2012-03-01,-19846.5585938
2012-03-02,-63523.578125
2012-03-05,26812.4492188
2012-03-06,-29911.046875
2012-03-07,44820.5039062
2012-03-08,83702.015625
2012-03-09,-31577.5449219
2012-03-12,59531.828125
2012-03-13,-104703.703125
2012-03-14,-2401.515625
2012-03-15,-129769.1875
2012-03-16,50730.9453125
2012-03-19,-25965.6542969
2012-03-20,84343.46875
2012-03-21,1599.26025391
2012-03-22,-114758.75
2012-03-23,50067.21875
2012-03-26,-32509.015625
2012-03-27,50011.6171875
2012-03-28,-5494.27001953
2012-03-29,5732.69921875
2012-03-30,3468.84423828
2012-04-02,16169.8759766
2012-04-03,-8287.62109375
2012-04-04,-44263.75
2012-04-05,-43319.7539062
2012-04-09,-40249.7265625
2012-04-10,52753.3867188
2012-04-11,-21245.6445312
2012-04-12,86511.046875
2012-04-13,31531.8886719
2012-04-16,69211.96875
2012-04-17,91099.21875
2012-04-18,9140.56933594
2012-04-19,11243.3085938
2012-04-20,-37390.8828125
2012-04-23,-9730.48046875
2012-04-24,-29162.4042969
2012-04-25,-28128.4277344
2012-04-26,33689.5976562
2012-04-27,-24969.8242188
2012-04-30,14506.1894531
2012-05-01,67250.1875
2012-05-02,86500.765625
2012-05-03,88503.453125
2012-05-04,16026.6142578
2012-05-07,-46923.1328125
2012-05-08,-99803.1640625
2012-05-09,38458.234375
2012-05-10,-41202.1445312
2012-05-11,31935.546875
2012-05-14,-7146.47851562
2012-05-15,-113341.25
2012-05-16,-50861.9414062
2012-05-17,51878.4140625
2012-05-18,-50991.234375
2012-05-21,83793.375
2012-05-22,-40740.859375
2012-05-23,-82219.921875
2012-05-24,-58534.1171875
2012-05-25,1784.38134766
2012-05-29,63760.2109375
2012-05-30,26535.7539062
2012-05-31,-1324.99121094
2012-06-01,-142998.875
2012-06-04,34790.515625
2012-06-05,127195.40625
2012-06-06,77750.296875
2012-06-07,78246.75
2012-06-08,-46147.0703125
2012-06-11,-69784.90625
2012-06-12,-29738.9335938
2012-06-13,-109484.875
2012-06-14,-3593.51049805
2012-06-15,76334.9296875
2012-06-18,706.386962891
2012-06-19,-94258.265625
2012-06-20,47279.78125
2012-06-21,180809.03125
2012-06-22,17116.25
2012-06-25,-157874.453125
2012-06-26,-14613.6503906
2012-06-27,89838.6953125
2012-06-28,-50454.484375
2012-06-29,4218.99414062
2012-07-02,-33990.4960938
2012-07-03,-109893.257812
2012-07-05,32245.1796875
2012-07-06,117648.234375
2012-07-09,-23267.4863281
2012-07-10,-117148.953125
2012-07-11,-54558.5703125
2012-07-12,16937.5292969
2012-07-13,-51238.6601562
2012-07-16,2022.64697266
2012-07-17,-53793.765625
2012-07-18,72889.796875
2012-07-19,10954.3828125
2012-07-20,7358.17529297
2012-07-23,70884.9296875
2012-07-24,-17850.4960938
2012-07-25,53405.5859375
2012-07-26,-126099.140625
2012-07-27,76002.7890625
2012-07-30,-4525.39160156
2012-07-31,8470.80273438
2012-08-01,-32145.8476562
2012-08-02,-80559.984375
2012-08-03,9732.47460938
2012-08-06,-14291.7148438
2012-08-07,-116297.8125
2012-08-08,-3383.55664062
2012-08-09,-33710.8828125
2012-08-10,-15265.8525391
2012-08-13,30197.859375
2012-08-14,65810.890625
2012-08-15,-23970.7460938
2012-08-16,54635.5273438
2012-08-17,-25474.65625
2012-08-20,30686.9375
2012-08-21,12386.7236328
2012-08-22,79571.5234375
2012-08-23,20713.921875
2012-08-24,-2898.18554688
2012-08-27,-26818.4902344
2012-08-28,3914.25195312
2012-08-29,24454.2734375
2012-08-30,-44117.6796875
2012-08-31,37597.0429688
2012-09-04,-150161.0625
2012-09-05,5902.90771484
2012-09-06,98445.625
2012-09-07,-52473.3476562
2012-09-10,39454.4335938
2012-09-11,-156045.65625
2012-09-12,-25105.3710938
2012-09-13,-62610.609375
2012-09-14,-87830.6875
2012-09-17,126945.828125
2012-09-18,46602.2929688
2012-09-19,4503.80078125
2012-09-20,-70512.7578125
2012-09-21,-13216.8144531
2012-09-24,-37318.2226562
2012-09-25,-83079.078125
2012-09-26,-32819.90625
2012-09-27,83944.578125
2012-09-28,-17357.0664062
2012-10-01,11586.3291016
2012-10-02,-4207.93261719
2012-10-03,11326.2226562
2012-10-04,-47671.3398438
2012-10-05,-50405.8085938
2012-10-08,-61542.125
2012-10-09,20423.1621094
2012-10-10,8645.31347656
2012-10-11,-135423.21875
2012-10-12,22479.1132812
2012-10-15,32851.6796875
2012-10-16,-77165.2265625
2012-10-17,-54650.8085938
2012-10-18,-16735.3574219
2012-10-19,11913.4414062
2012-10-22,-25458.0253906
2012-10-23,-32196.5742188
2012-10-24,145565.640625
2012-10-25,1835.19042969
2012-10-26,66632.1875
2012-10-31,-9618.640625
2012-11-01,100635.046875
2012-11-02,-46820.2421875
2012-11-05,-99283.46875
2012-11-06,47484.40625
2012-11-07,15580.1289062
2012-11-08,-11744.3085938
2012-11-09,9587.97949219
2012-11-12,-4127.16894531
2012-11-13,-17613.5683594
2012-11-14,-37506.078125
2012-11-15,33402.1757812
2012-11-16,62163.7539062
2012-11-19,5285.546875
2012-11-20,-113192.484375
2012-11-21,-29408.2519531
2012-11-23,22317.5585938
2012-11-26,9598.43554688
2012-11-27,53357.1289062
2012-11-28,24152.3359375
2012-11-29,-15628.3652344
2012-11-30,-18901.078125
2012-12-03,-14547.7773438
2012-12-04,16362.4042969
2012-12-05,-40256.1054688
2012-12-06,-19211.7929688
2012-12-07,-7405.64453125
2012-12-10,1722.51367188
2012-12-11,9144.53125
2012-12-12,38728.3476562
2012-12-13,37676.6054688
2012-12-14,15689.453125
2012-12-17,23461.1425781
2012-12-18,37855.0
2012-12-19,35268.671875
2012-12-20,-37738.6992188
2012-12-21,13586.4980469
2012-12-24,11640.6035156
2012-12-26,18312.8632812
2012-12-27,-3380.77734375
2012-12-28,6076.73339844
2012-12-31,-9770.78320312
2013-01-02,41975.9335938
2013-01-03,14650.3339844
2013-01-04,17347.0546875
2013-01-07,-10735.8769531
2013-01-08,24382.4960938
2013-01-09,-52154.4609375
2013-01-10,19889.2539062
2013-01-11,23535.7539062
2013-01-14,12647.6845703
2013-01-15,58518.609375
2013-01-16,15711.9169922
2013-01-17,14871.0566406
2013-01-18,-6939.89160156
2013-01-22,-4449.97851562
2013-01-23,99568.890625
2013-01-24,69318.421875
2013-01-25,-59949.5078125
2013-01-28,86744.3984375
2013-01-29,27223.875
2013-01-30,-4665.640625
2013-01-31,61332.3515625
2013-02-01,-30016.3515625
2013-02-04,-10241.6503906
2013-02-05,-28496.3046875
2013-02-06,-19625.5878906
2013-02-07,-31616.6132812
2013-02-08,24988.0859375
2013-02-11,-4800.63378906
2013-02-12,63711.8945312
2013-02-13,11320.7695312
2013-02-14,-48100.609375
2013-02-15,-33852.0703125
2013-02-19,12201.3916016
2013-02-20,-97046.6015625
2013-02-21,62134.4492188
2013-02-22,11906.7558594
2013-02-25,-84498.84375
2013-02-26,-72080.1015625
2013-02-27,58588.1484375
2013-02-28,-35642.7929688
2013-03-01,-26268.4433594
2013-03-04,-81965.578125
2013-03-05,53262.7578125
2013-03-06,15153.65625
2013-03-07,-30048.6621094
2013-03-08,-26785.7636719
2013-03-11,-17885.5507812
2013-03-12,-1809.79785156
2013-03-13,-51335.3671875
2013-03-14,-10946.1708984
2013-03-15,-6978.81933594
2013-03-18,21777.9179688
2013-03-19,3391.58105469
2013-03-20,-26443.1757812
2013-03-21,-14444.5683594
2013-03-22,-6509.88964844
2013-03-25,-36714.0703125
2013-03-26,-11398.3164062
2013-03-27,45693.3671875
2013-03-28,-16690.9980469
2013-04-01,-13979.0791016
2013-04-02,-39092.2617188
2013-04-03,-73726.265625
2013-04-04,20422.3710938
2013-04-05,36718.7070312
2013-04-08,-11998.8574219
2013-04-09,17668.1796875
2013-04-10,386.090820312
2013-04-11,37678.4296875
2013-04-12,-7882.30273438
2013-04-15,-38356.171875
2013-04-16,-4572.06494141
2013-04-17,-123691.632812
2013-04-18,31365.8515625
2013-04-19,-28226.09375
2013-04-22,10113.9248047
2013-04-23,3504.19921875
2013-04-24,-4118.33886719
2013-04-25,-14901.8115234
2013-04-26,31859.8984375
2013-04-29,-13917.7431641
2013-04-30,80881.8984375
2013-05-01,62199.8203125
2013-05-02,38170.4335938
2013-05-03,60058.546875
2013-05-06,-27667.1269531
2013-05-07,-14500.0302734
2013-05-08,-89248.5
2013-05-09,56203.1171875
2013-05-10,-35938.6015625
2013-05-13,-12986.0634766
2013-05-14,-20094.4609375
2013-05-15,-16753.15625
2013-05-16,58810.671875
2013-05-17,-33856.875
2013-05-20,12513.0986328
2013-05-21,56901.59375
2013-05-22,46555.71875
2013-05-23,2078.37011719
2013-05-24,-3165.421875
2013-05-28,-42586.9179688
2013-05-29,16168.1640625
2013-05-30,-49339.6835938
2013-05-31,4002.515625
2013-06-03,65152.2382812
2013-06-04,-5502.88574219
2013-06-05,-24661.7109375
2013-06-06,109781.953125
2013-06-07,33804.4726562
2013-06-10,9529.47070312
2013-06-11,33851.0390625
2013-06-12,6561.23535156
2013-06-13,58106.1835938
2013-06-14,-18303.6699219
2013-06-17,18300.8925781
2013-06-18,280.9453125
2013-06-19,-34306.9023438
2013-06-20,-11544.3017578
2013-06-21,66048.3828125
2013-06-24,-3345.97070312
2013-06-25,29841.1855469
2013-06-26,-31981.9570312
2013-06-27,5351.88964844
2013-06-28,39915.6640625
2013-07-01,-47260.5
2013-07-02,3800.40332031
2013-07-03,-7431.83203125
2013-07-05,-13690.0976562
2013-07-08,50418.5976562
2013-07-09,69771.84375
2013-07-10,32507.8144531
2013-07-11,-85546.53125
2013-07-12,-6248.515625
2013-07-15,12171.8935547
2013-07-16,53822.390625
2013-07-17,7887.65771484
2013-07-18,11971.3994141
2013-07-19,-45697.296875
2013-07-22,12007.6767578
2013-07-23,-23685.6757812
2013-07-24,-8018.74560547
2013-07-25,16686.9082031
2013-07-26,-5666.55810547
2013-07-29,23481.9726562
2013-07-30,69745.734375
2013-07-31,22874.1816406
2013-08-01,-21082.0234375
2013-08-02,14367.0683594
2013-08-05,26131.2460938
2013-08-06,-16276.8222656
2013-08-07,1440.18554688
2013-08-08,51720.765625
2013-08-09,26471.4804688
2013-08-12,-63601.5859375
2013-08-13,63284.9257812
2013-08-14,-14101.8798828
2013-08-15,79051.1953125
2013-08-16,35840.671875
2013-08-19,41528.34375
2013-08-20,40309.2695312
2013-08-21,-36407.53125
2013-08-22,-40123.546875
2013-08-23,24383.5078125
2013-08-26,-54664.8046875
2013-08-27,-76100.703125
2013-08-28,-42073.8046875
2013-08-29,57291.4765625
2013-08-30,6310.390625
2013-09-03,-41666.7851562
2013-09-04,66573.4375
2013-09-05,-38896.4140625
2013-09-06,495.376953125
2013-09-09,-39513.09375
2013-09-10,14451.8554688
2013-09-11,-15957.5488281
2013-09-12,36266.234375
2013-09-13,33744.859375
2013-09-16,12334.6103516
2013-09-17,-10462.9804688
2013-09-18,-55668.171875
2013-09-19,6142.91894531
2013-09-20,75773.515625
2013-09-23,-7295.77148438
2013-09-24,24804.953125
2013-09-25,6984.87451172
2013-09-26,25447.2773438
2013-09-27,-90599.0234375
2013-09-30,12196.5253906
2013-10-01,-37653.03125
2013-10-02,-12268.5048828
2013-10-03,8065.4609375
2013-10-04,9252.23242188
2013-10-07,28555.2226562
2013-10-08,78389.15625
2013-10-09,-7228.34716797
2013-10-10,62596.1289062
2013-10-11,10433.5419922
2013-10-14,-28612.6367188
2013-10-15,17855.5859375
2013-10-16,-38004.3945312
2013-10-17,12888.4941406
2013-10-18,41606.828125
2013-10-21,-1154.01708984
2013-10-22,34548.1328125
2013-10-23,62060.7148438
2013-10-24,-26521.2070312
2013-10-25,19843.6523438
2013-10-28,43844.7421875
2013-10-29,20881.6367188
2013-10-30,-47636.7382812
2013-10-31,-86675.84375
2013-11-01,4780.58203125
2013-11-04,-10094.9394531
2013-11-05,-1228.21972656
2013-11-06,84675.75
2013-11-07,-24061.8007812
2013-11-08,71567.625
2013-11-11,-23033.9257812
2013-11-12,36720.5507812
2013-11-13,-57202.796875
2013-11-14,6617.97509766
2013-11-15,30445.7226562
2013-11-18,-23355.3398438
2013-11-19,-26590.609375
2013-11-20,48557.2578125
2013-11-21,19289.0429688
2013-11-22,5009.38867188
2013-11-25,-3698.75415039
2013-11-26,61.79296875
2013-11-27,-55971.6015625
2013-11-29,-9749.29882812
2013-12-02,-10354.4072266
2013-12-03,4678.94921875
2013-12-04,10276.890625
2013-12-05,28487.9296875
2013-12-06,35757.3007812
2013-12-09,-62066.8398438
2013-12-10,35230.796875
2013-12-11,40650.0585938
2013-12-12,-26357.46875
2013-12-13,26847.1386719
2013-12-16,983.173828125
2013-12-17,-8913.80859375
2013-12-18,54430.7695312
2013-12-19,-4046.1159668
2013-12-20,-11787.0449219
2013-12-23,-18458.1992188
2013-12-24,28791.7539062
2013-12-26,-10400.1054688
2013-12-27,-63711.4453125
2013-12-30,3118.90673828
2013-12-31,3812.609375
2014-01-02,-21616.3671875
2014-01-03,27466.9589844
2014-01-06,28722.8984375
2014-01-07,12901.6894531
2014-01-08,6238.01367188
2014-01-09,-4339.9765625
2014-01-10,-23483.9414062
2014-01-13,-5449.93652344
2014-01-14,-5294.11523438
2014-01-15,-29590.0507812
2014-01-16,-2157.77099609
2014-01-17,-1825.46679688
2014-01-21,-79634.140625
2014-01-22,40603.4375
2014-01-23,-12589.7109375
2014-01-24,33660.9726562
2014-01-27,-18652.171875
2014-01-28,52946.171875
2014-01-29,-16483.7636719
2014-01-30,-79789.328125
2014-01-31,-27602.6992188
2014-02-03,2133.50390625
2014-02-04,51222.1953125
2014-02-05,18079.7773438
2014-02-06,-17417.1835938
2014-02-07,-9068.42773438
2014-02-10,30314.9882812
2014-02-11,-19102.96875
2014-02-12,17779.3027344
2014-02-13,-21131.3476562
2014-02-14,18413.4921875
2014-02-18,-46795.4414062
2014-02-19,45214.9960938
2014-02-20,-46254.4296875
2014-02-21,10416.75
2014-02-24,15922.2851562
2014-02-25,18784.0195312
2014-02-26,34775.7578125
2014-02-27,33760.1875
2014-02-28,6363.13769531
2014-03-03,12188.1503906
2014-03-04,15213.3994141
2014-03-05,37263.3632812
2014-03-06,-25371.0097656
2014-03-07,2459.53710938
2014-03-10,29141.4023438
2014-03-11,3478.78027344
2014-03-12,-34273.1445312
2014-03-13,-28806.5390625
2014-03-14,-17544.1816406
2014-03-17,33873.6054688
2014-03-18,34387.671875
2014-03-19,-61852.6015625
2014-03-20,-20532.3105469
2014-03-21,-40384.5546875
2014-03-24,-37514.109375
2014-03-25,-18958.1289062
2014-03-26,-47354.25
2014-03-27,-23209.1816406
2014-03-28,-25293.9824219
2014-03-31,42801.84375
2014-04-01,-346.668945312
2014-04-02,21491.4746094
2014-04-03,58458.765625
2014-04-04,-7250.83789062
2014-04-07,-15260.8037109
2014-04-08,-14961.5449219
2014-04-09,64603.9414062
2014-04-10,-21038.6484375
2014-04-11,43654.796875
2014-04-14,8238.74804688
2014-04-15,-25056.9765625
2014-04-16,25631.359375
2014-04-17,-1528.45556641
2014-04-21,-7088.87304688
2014-04-22,-25630.390625
2014-04-23,-6671.13134766
2014-04-24,-26861.0898438
2014-04-25,-113661.578125
2014-04-28,-14191.3652344
2014-04-29,90918.2109375
2014-04-30,1648.4375
2014-05-01,-4097.78125
2014-05-02,9245.96386719
2014-05-05,-41499.34375
2014-05-06,4305.47460938
2014-05-07,-26841.4316406
2014-05-08,30532.5683594
2014-05-09,24116.8710938
2014-05-12,-23738.2363281
2014-05-13,1331.18261719
2014-05-14,80518.015625
2014-05-15,-8970.10546875
2014-05-16,-4157.17675781
2014-05-19,53736.875
2014-05-20,32016.2148438
2014-05-21,-48831.3945312
2014-05-22,-2470.90209961
2014-05-23,-17659.1835938
2014-05-27,-44442.0703125
2014-05-28,-4798.07421875
2014-05-29,-12633.8798828
2014-05-30,3145.37841797
2014-06-02,5570.81298828
2014-06-03,-6261.94384766
2014-06-04,-25779.7363281
2014-06-05,7875.46972656
2014-06-06,-22553.8476562
2014-06-09,-18074.1445312
2014-06-10,-32364.8476562
2014-06-11,31707.9980469
2014-06-12,10793.7929688
2014-06-13,-6982.0546875
2014-06-16,-41542.96875
2014-06-17,-29876.6953125
2014-06-18,-41957.9492188
2014-06-19,77775.234375
2014-06-20,-436.743164062
2014-06-23,13857.0908203
2014-06-24,74780.5234375
2014-06-25,-11974.7509766
2014-06-26,-66993.1640625
2014-06-27,-33572.7109375
2014-06-30,-1297.02294922
2014-07-01,17516.1132812
2014-07-02,20270.1621094
2014-07-03,-63200.84375
2014-07-07,30025.7070312
2014-07-08,73466.53125
2014-07-09,41653.46875
2014-07-10,-32603.4941406
2014-07-11,-32318.3144531
2014-07-14,23670.5
2014-07-15,8699.51171875
2014-07-16,-25419.4257812
2014-07-17,24352.8652344
2014-07-18,53811.8320312
2014-07-21,-27224.3339844
2014-07-22,-35201.0859375
2014-07-23,26529.9257812
2014-07-24,29960.6347656
2014-07-25,-886.681396484
2014-07-28,-30103.3574219
2014-07-29,1575.17773438
2014-07-30,21853.5058594
2014-07-31,-68784.28125
2014-08-01,28689.1210938
2014-08-04,-423.087890625
2014-08-05,-1039.06445312
2014-08-06,-5582.70214844
2014-08-07,-12012.8320312
2014-08-08,1951.96484375
2014-08-11,-7861.94628906
2014-08-12,12753.3242188
2014-08-13,-8940.87402344
2014-08-14,-10304.234375
2014-08-15,-20439.8339844
2014-08-18,-12590.8017578
2014-08-19,-9449.5625
2014-08-20,-31497.5214844
2014-08-21,15429.0664062
2014-08-22,-37040.015625
2014-08-25,-26940.5351562
2014-08-26,-28444.7382812
2014-08-27,7421.41357422
2014-08-28,42821.3125
2014-08-29,1955.78051758
2014-09-02,32194.2773438
2014-09-03,-16737.4511719
2014-09-04,-67739.359375
2014-09-05,-28814.9335938
2014-09-08,-48661.453125
2014-09-09,-4435.49902344
2014-09-10,-13962.2177734
2014-09-11,-9822.78710938
2014-09-12,-111211.84375
2014-09-15,-26785.5644531
2014-09-16,32769.9609375
2014-09-17,-6095.00537109
2014-09-18,4084.57543945
2014-09-19,1537.68017578
2014-09-22,-35113.5976562
2014-09-23,12610.7089844
2014-09-24,2759.1875
2014-09-25,1098.73779297
2014-09-26,-27729.3027344
2014-09-29,-22285.4179688
2014-09-30,3413.36523438
2014-10-01,-21571.3046875
2014-10-02,13904.7597656
2014-10-03,-32234.3320312
2014-10-06,-9030.77832031
2014-10-07,46757.1484375
2014-10-08,17188.4414062
2014-10-09,-118180.820312
2014-10-10,-22062.71875
2014-10-13,-201105.0
2014-10-14,-6380.73828125
2014-10-15,113878.664062
2014-10-16,86089.328125
2014-10-17,11866.1582031
2014-10-20,-19168.5019531
2014-10-21,-60448.0820312
2014-10-22,-29722.5722656
2014-10-23,-99788.234375
2014-10-24,-39321.90625
2014-10-27,56714.265625
2014-10-28,64590.2382812
2014-10-29,8821.30859375
2014-10-30,11285.6601562
2014-10-31,-32529.6953125
2014-11-03,-50236.7265625
2014-11-04,10276.3457031
2014-11-05,72436.8203125
2014-11-06,20372.421875
2014-11-07,-91894.765625
2014-11-10,1099.5390625
2014-11-11,6878.43310547
2014-11-12,7660.89257812
2014-11-13,-45909.5625
2014-11-14,6568.88818359
2014-11-17,-116648.5
2014-11-18,-4804.53076172
2014-11-19,955.354492188
2014-11-20,64607.6210938
2014-11-21,3788.5546875
2014-11-24,11143.7734375
2014-11-25,24014.5
2014-11-26,-70971.296875
2014-11-28,-326138.625
2014-12-01,-5131.38037109
2014-12-02,6258.19726562
2014-12-03,21458.59375
2014-12-04,-38709.3671875
2014-12-05,2855.07421875
2014-12-08,-168048.8125
2014-12-09,100394.53125
2014-12-10,-222206.140625
2014-12-11,43283.6171875
2014-12-12,-79366.3125
2014-12-15,-51465.9375
2014-12-16,51039.9921875
2014-12-17,59676.796875
2014-12-18,9042.1328125
2014-12-19,-239836.828125
2014-12-22,56320.15625
2014-12-23,9944.3125
2014-12-24,-6446.58398438
2014-12-26,52628.4414062
2014-12-29,-7765.90820312
2014-12-30,44625.8242188
2014-12-31,-26371.8261719
2015-01-02,23035.8339844
2015-01-05,13682.8984375
2015-01-06,-87955.328125
2015-01-07,-132418.828125
2015-01-08,52240.015625
2015-01-09,1168.36035156
2015-01-12,103267.25
2015-01-13,-39083.6132812
2015-01-14,-17979.6367188
2015-01-15,-53143.9453125
2015-01-16,-52199.875
2015-01-20,-77511.859375
2015-01-21,-135468.890625
2015-01-22,19234.796875
2015-01-23,23969.1171875
2015-01-26,-8344.60351562
2015-01-27,-47129.34375
2015-01-28,142327.71875
2015-01-29,61582.8359375
2015-01-30,236557.84375
2015-02-02,84530.7890625
2015-02-03,-109501.609375
2015-02-04,130404.828125
2015-02-05,-45302.0195312
2015-02-06,-59073.1875
2015-02-09,-6181.98486328
2015-02-10,91136.828125
2015-02-11,23054.3203125
2015-02-12,22561.8496094
2015-02-13,-3070.93359375
2015-02-17,-1867.81640625
2015-02-18,93249.703125
2015-02-19,-26528.8671875
2015-02-20,-42861.71875
2015-02-23,45228.7890625
2015-02-24,5893.10888672
2015-02-25,16698.4882812
2015-02-26,-27915.0332031
2015-02-27,10583.1347656
2015-03-02,-82838.0625
2015-03-03,7640.29882812
2015-03-04,-13652.2128906
2015-03-05,23272.0878906
2015-03-06,-14487.3916016
2015-03-09,-75423.2890625
2015-03-10,50326.859375
2015-03-11,94035.765625
2015-03-12,-29183.6054688
2015-03-13,1713.04589844
2015-03-16,-32908.7617188
2015-03-17,-9112.60253906
2015-03-18,-3596.48242188
2015-03-19,-33480.9609375
2015-03-20,-62946.2734375
2015-03-23,54242.75
2015-03-24,36764.5859375
2015-03-25,-67937.1640625
2015-03-26,10039.6064453
2015-03-27,50949.359375
2015-03-30,6395.37207031
2015-03-31,7181.37402344
2015-04-01,43635.5078125
2015-04-02,-11995.3515625
2015-04-06,-79614.8515625
2015-04-07,-30795.3769531
2015-04-08,111421.296875
2015-04-09,-71101.609375
2015-04-10,-11460.3232422
2015-04-13,29331.09375
2015-04-14,53081.2226562
2015-04-15,-1109.34667969
2015-04-16,58439.0390625
2015-04-17,11857.1357422
2015-04-20,21697.6953125
2015-04-21,6466.88916016
2015-04-22,10782.7910156
2015-04-23,54693.40625
2015-04-24,48076.2734375
2015-04-27,7703.19238281
2015-04-28,-21909.5917969
2015-04-29,-72025.359375
2015-04-30,-30141.640625
2015-05-01,32645.6855469
2015-05-04,25650.921875
2015-05-05,35046.0039062
2015-05-06,10858.7285156
2015-05-07,67550.828125
2015-05-08,27593.2167969
2015-05-11,-66674.53125
2015-05-12,-33004.7226562
2015-05-13,-54865.5703125
2015-05-14,81228.640625
2015-05-15,94205.90625
2015-05-18,-878.849609375
2015-05-19,6154.42285156
2015-05-20,9371.8125
2015-05-21,117912.304688
2015-05-22,-51090.6328125
2015-05-26,73462.765625
2015-05-27,9847.8984375
2015-05-28,-40939.6953125
2015-05-29,-13451.4833984
2015-06-01,5994.34912109
2015-06-02,63314.921875
2015-06-03,15589.0810547
2015-06-04,30689.7207031
2015-06-05,-59092.234375
2015-06-08,15962.8808594
2015-06-09,-34951.984375
2015-06-10,16244.921875
2015-06-11,19936.8007812
2015-06-12,3387.02172852
2015-06-15,2561.82324219
2015-06-16,2586.90771484
2015-06-17,-7158.23779297
2015-06-18,1256.63769531
2015-06-19,-21134.3652344
2015-06-22,16430.2382812
2015-06-23,4541.29150391
2015-06-24,24278.4140625
2015-06-25,12463.2050781
2015-06-26,-28955.4941406
2015-06-29,10495.0029297
2015-06-30,20606.8300781
2015-07-01,-12055.4570312
2015-07-02,480.708984375
2015-07-06,-123262.984375
2015-07-07,-52506.671875
2015-07-08,-117309.257812
2015-07-09,26495.453125
2015-07-10,-18.16796875
2015-07-13,-47152.4960938
2015-07-14,14532.0712891
2015-07-15,54299.875
2015-07-16,-6813.59912109
2015-07-17,-113076.601562
2015-07-20,-29426.71875
2015-07-21,17262.4765625
2015-07-22,-95036.046875
2015-07-23,-38251.8476562
2015-07-24,-116802.789062
2015-07-27,-16220.8183594
2015-07-28,135554.875
2015-07-29,66465.265625
2015-07-30,40267.6484375
2015-07-31,53254.78125
2015-08-03,-65734.046875
2015-08-04,-24607.5683594
2015-08-05,-64344.6289062
2015-08-06,-4763.96679688
2015-08-07,-100826.757812
2015-08-10,-116674.03125
2015-08-11,-57288.7578125
2015-08-12,-68163.6328125
2015-08-13,-43373.90625
2015-08-14,34275.6875
2015-08-17,24652.3144531
2015-08-18,-25409.1640625
2015-08-19,-52758.2421875
2015-08-20,-86003.15625
2015-08-21,-21385.1796875
2015-08-24,-54858.7773438
2015-08-25,68016.984375
2015-08-26,24092.5976562
2015-08-27,-2959.43359375
2015-08-28,24243.9667969
2015-08-31,-187859.28125
2015-09-01,63791.2382812
2015-09-02,38155.2617188
2015-09-03,-41179.5742188
2015-09-04,-52725.2890625
2015-09-08,-24831.9414062
2015-09-09,-9246.4140625
2015-09-10,-24305.484375
2015-09-11,-16743.7792969
2015-09-14,938.80078125
2015-09-15,52524.234375
2015-09-16,5167.98681641
2015-09-17,33731.8515625
2015-09-18,36964.6132812
2015-09-21,44248.671875
2015-09-22,-39882.2617188
2015-09-23,-101639.640625
2015-09-24,34705.4726562
2015-09-25,-109623.640625
2015-09-28,-106600.929688
2015-09-29,-7790.21484375
2015-09-30,167276.40625
2015-10-01,23252.7988281
2015-10-02,-78482.328125
2015-10-05,144118.375
2015-10-06,-248801.6875
2015-10-07,-74456.46875
2015-10-08,-134595.5625
2015-10-09,54356.5820312
2015-10-12,96116.03125
2015-10-13,-17548.8476562
2015-10-14,123184.570312
2015-10-15,40193.4453125
2015-10-16,35693.8007812
2015-10-19,32753.8085938
2015-10-20,110285.773438
2015-10-21,-100957.359375
2015-10-22,-103741.976562
2015-10-23,125319.21875
2015-10-26,64169.1796875
2015-10-27,-48067.390625
2015-10-28,107696.5
2015-10-29,-45227.0
2015-10-30,31966.921875
2015-11-02,28572.3378906
2015-11-03,-25927.4570312
2015-11-04,10784.265625
2015-11-05,36789.9960938
2015-11-06,39027.0078125
2015-11-09,-25444.3203125
2015-11-10,67444.9921875
2015-11-11,-111003.34375
2015-11-12,-46713.9921875
2015-11-13,-75801.34375
2015-11-16,66895.2578125
2015-11-17,39727.328125
2015-11-18,6558.19238281
2015-11-19,39256.5859375
2015-11-20,7818.24023438
2015-11-23,42839.4140625
2015-11-24,88663.171875
2015-11-25,28302.2617188
2015-11-27,113231.367188
2015-11-30,14141.2822266
2015-12-01,-24780.7324219
2015-12-02,68982.015625
2015-12-03,23248.765625
2015-12-04,-252224.96875
2015-12-07,-229395.0625
2015-12-08,-9407.73828125
2015-12-09,140749.1875
2015-12-10,25508.0742188
2015-12-11,78855.8984375
2015-12-14,59608.4257812
2015-12-15,46543.0703125
2015-12-16,-18208.9550781
2015-12-17,67244.1015625
2015-12-18,-15130.6367188
2015-12-21,-27491.0585938
2015-12-22,35923.8359375
2015-12-23,-39732.0664062
2015-12-24,25946.8984375
2015-12-28,241741.3125
2015-12-29,-18930.0234375
2015-12-30,-138556.234375
2015-12-31,4875.66796875
2016-01-04,181322.28125
2016-01-05,-4625.3046875
2016-01-06,222705.1875
2016-01-07,-96623.4921875
2016-01-08,29048.4140625
2016-01-11,-127559.695312
2016-01-12,89432.2109375
2016-01-13,-106461.09375
2016-01-14,176184.890625
2016-01-15,-208355.28125
2016-01-19,107509.15625
2016-01-20,5426.77539062
2016-01-21,256897.1875
2016-01-22,147666.03125
2016-01-25,286970.4375
2016-01-26,-98528.0546875
2016-01-27,102364.460938
2016-01-28,-65529.234375
2016-01-29,-40192.328125
2016-02-01,110676.015625
2016-02-02,164062.671875
2016-02-03,164733.96875
2016-02-04,229275.609375
2016-02-05,-89412.328125
2016-02-08,111634.546875
2016-02-09,41422.8164062
2016-02-10,59118.3125
2016-02-11,59283.265625
2016-02-12,-11858.15625
2016-02-16,36326.6289062
2016-02-17,-112744.484375
2016-02-18,-73839.25
2016-02-19,122547.710938
2016-02-22,68003.9921875
2016-02-23,-134152.171875
2016-02-24,-174102.15625
2016-02-25,-88758.2109375
2016-02-26,1727.25195312
2016-02-29,55007.0703125
2016-03-01,-191153.015625
2016-03-02,39539.3125
2016-03-03,-30763.9335938
2016-03-04,-450148.1875
2016-03-07,-138839.46875
2016-03-08,426978.5
2016-03-09,6468.1328125
2016-03-10,18463.5996094
2016-03-11,-68083.8125
2016-03-14,12194.0253906
2016-03-15,127783.03125
2016-03-16,26584.3027344
2016-03-17,-100723.875
2016-03-18,33574.2304688
2016-03-21,21039.3398438
2016-03-22,-50951.84375
2016-03-23,-24906.0117188
2016-03-24,519.974609375
2016-03-28,-48775.0546875
2016-03-29,-3026.9609375
2016-03-30,-6811.40820312
2016-03-31,-45453.9921875
2016-04-01,-4186.71923828
2016-04-04,1721.69140625
2016-04-05,25197.2207031
2016-04-06,-31972.3632812
2016-04-07,2589.41699219
2016-04-08,-11618.2451172
2016-04-11,58764.8867188
2016-04-12,-321004.09375
2016-04-13,-36224.0898438
2016-04-14,-34114.15625
2016-04-15,53501.984375
2016-04-18,-11263.6064453
2016-04-19,9678.35742188
2016-04-20,-9005.92089844
2016-04-21,105685.03125
2016-04-22,-40184.6015625
2016-04-25,70111.390625
2016-04-26,-160346.53125
2016-04-27,76703.953125
2016-04-28,120034.578125
2016-04-29,-152529.453125
2016-05-02,-15782.7333984
2016-05-03,-12390.484375
2016-05-04,-76975.71875
2016-05-05,-1329.83984375
2016-05-06,-84275.34375
2016-05-09,3826.84277344
2016-05-10,-13001.2070312
2016-05-11,159865.09375
2016-05-12,36702.03125
2016-05-13,-31838.3574219
2016-05-16,39671.84375
2016-05-17,6218.08789062
2016-05-18,14031.3388672
2016-05-19,29352.8164062
2016-05-20,-54172.265625
2016-05-23,-16362.2832031
2016-05-24,-46266.3125
2016-05-25,-70997.71875
2016-05-26,-34048.4296875
2016-05-27,28729.09375
2016-05-31,-32069.3261719
2016-06-01,-13471.0800781
2016-06-02,-36108.8046875
2016-06-03,-38774.9375
2016-06-06,6753.40136719
2016-06-07,-700.119140625
2016-06-08,8164.54101562
2016-06-09,-12626.6201172
2016-06-10,-78105.265625
2016-06-13,-36758.3203125
2016-06-14,-43947.2421875
2016-06-15,34563.6601562
2016-06-16,-66448.3046875
2016-06-17,-67368.40625
2016-06-20,59545.4335938
2016-06-21,-57219.5039062
2016-06-22,28741.7050781
2016-06-23,-17814.7539062
2016-06-24,-14791.1640625
2016-06-27,421409.5
2016-06-28,170414.359375
2016-06-29,179932.390625
2016-06-30,81829.546875
2016-07-01,-14042.71875
2016-07-05,-30409.8183594
2016-07-06,-2574.80664062
2016-07-07,115680.78125
2016-07-08,-12458.2783203
2016-07-11,-72986.7734375
2016-07-12,-170780.625
2016-07-13,13114.2578125
2016-07-14,-83158.8203125
2016-07-15,-1990.62451172
2016-07-18,-36448.6445312
2016-07-19,25891.6054688
2016-07-20,-53515.5507812
2016-07-21,17361.9511719
2016-07-22,21168.7207031
2016-07-25,-14516.4111328
2016-07-26,44844.0429688
2016-07-27,-21868.5957031
2016-07-28,26457.125
2016-07-29,22118.4609375
2016-08-01,-17418.3984375
2016-08-02,-28735.7148438
2016-08-03,226571.25
2016-08-04,102857.617188
2016-08-05,-98894.40625
2016-08-08,17322.6132812
2016-08-09,39880.265625
2016-08-10,61094.0742188
2016-08-11,138164.375
2016-08-12,-24404.2890625
2016-08-15,-112071.8125
2016-08-16,-24531.2851562
2016-08-17,52157.3085938
2016-08-18,-75068.6875
2016-08-19,16012.4550781
2016-08-22,99796.671875
2016-08-23,13169.0966797
2016-08-24,-35768.7421875
2016-08-25,8982.80859375
2016-08-26,31418.9804688
2016-08-29,-25818.6816406
2016-08-30,-43377.21875
2016-08-31,156.674804688
2016-09-01,36779.7265625
2016-09-02,15118.1337891
2016-09-06,-4490.84765625
2016-09-07,-45343.984375
2016-09-08,-125554.789062
2016-09-09,4978.42578125
2016-09-12,-20595.3320312
2016-09-13,-76976.75
2016-09-14,-29005.4316406
2016-09-15,-12379.9287109
2016-09-16,-45637.6523438
2016-09-19,30339.1972656
2016-09-20,2657.6574707
2016-09-21,-18239.2753906
2016-09-22,7535.37451172
2016-09-23,110966.6875
2016-09-26,-55083.5234375
2016-09-27,-83898.109375
2016-09-28,-90703.59375
2016-09-29,7817.75976562
2016-09-30,-42213.1796875
2016-10-03,10267.15625
2016-10-04,-77385.9453125
2016-10-05,-115209.3125
2016-10-06,-15536.0332031
2016-10-07,37716.0078125
2016-10-10,9638.73632812
2016-10-11,-25950.0898438
2016-10-12,33205.0546875
2016-10-13,-26148.8242188
2016-10-14,-33391.5585938
2016-10-17,-39580.6015625
2016-10-18,11231.0703125
2016-10-19,57061.1054688
2016-10-20,-70368.265625
2016-10-21,2956.68066406
2016-10-24,18104.9082031
2016-10-25,-12833.5126953
2016-10-26,-24038.21875
2016-10-27,19847.9785156
2016-10-28,-4997.90283203
2016-10-31,70192.6015625
2016-11-01,60597.0117188
2016-11-02,-55647.9921875
2016-11-03,26459.8632812
2016-11-04,30966.4179688
2016-11-07,50078.8828125
2016-11-08,9352.56054688
2016-11-09,-125640.453125
2016-11-10,144214.375
2016-11-11,-29840.125
2016-11-14,-159329.984375
2016-11-15,138810.71875
2016-11-16,136456.3125
2016-11-17,-11238.7558594
2016-11-18,41773.0625
2016-11-21,30751.2558594
2016-11-22,13166.2578125
2016-11-23,-69208.7890625
2016-11-25,-15857.2597656
2016-11-28,107963.289062
2016-11-29,-62008.3476562
2016-11-30,375140.375
2016-12-01,55918.53125
2016-12-02,45130.703125
2016-12-05,7013.66796875
2016-12-06,18738.7695312
2016-12-07,-65787.375
2016-12-08,-28544.5449219
2016-12-09,79760.5859375
2016-12-12,72881.859375
2016-12-13,15720.8164062
2016-12-14,55456.4921875
2016-12-15,-2867.30566406
2016-12-16,67713.71875
2016-12-19,7424.69433594
2016-12-20,90073.390625
2016-12-21,22672.4082031
2016-12-22,19175.7949219
2016-12-23,6361.02246094
2016-12-27,-3405.26489258
2016-12-28,23775.0449219
2016-12-29,6746.91162109
2016-12-30,-36895.0859375
2017-01-03,60352.9921875
2017-01-04,43.9392089844
2017-01-05,-6172.61523438
2017-01-06,1921.02929688
2017-01-09,-6488.6796875
2017-01-10,-27100.4609375
2017-01-11,38045.546875
2017-01-12,45360.6875
2017-01-13,-41247.7890625
2017-01-17,-104129.859375
2017-01-18,-65846.75
2017-01-19,38723.5429688
2017-01-20,-75617.671875
2017-01-23,-66232.703125
2017-01-24,-101233.796875
2017-01-25,43071.4453125
2017-01-26,46596.4257812
2017-01-27,-7189.69335938
2017-01-30,42668.8359375
2017-01-31,35701.8671875
2017-02-01,28600.7460938
2017-02-02,-127976.460938
2017-02-03,-38817.3554688
2017-02-06,-12851.7333984
2017-02-07,12608.7226562
2017-02-08,4298.32324219
2017-02-09,35921.96875
2017-02-10,36519.2226562
2017-02-13,5304.45800781
2017-02-14,51429.5507812
2017-02-15,-41805.8125
2017-02-16,91164.296875
2017-02-17,-5184.97900391
2017-02-21,-21767.4042969
2017-02-22,-3558.06640625
2017-02-23,-63757.2773438
2017-02-24,-65172.3632812
2017-02-27,71348.9296875
2017-02-28,31799.6503906
2017-03-01,-83916.265625
2017-03-02,22302.7148438
2017-03-03,-63349.8554688
2017-03-06,28042.8320312
2017-03-07,1746.31933594
2017-03-08,64926.7773438
2017-03-09,15683.2871094
2017-03-10,-56860.8046875
2017-03-13,24749.1914062
2017-03-14,18303.5078125
2017-03-15,-44233.2734375
2017-03-16,-16191.8544922
2017-03-17,-16661.1699219
2017-03-20,20160.1542969
2017-03-21,-128763.148438
2017-03-22,-27027.8125
2017-03-23,28490.640625
2017-03-24,-8855.37890625
2017-03-27,3684.38085938
2017-03-28,45298.7773438
2017-03-29,-36725.0117188
2017-03-30,-66825.265625
2017-03-31,-49375.8203125
2017-04-03,-238.286132812
2017-04-04,-72960.359375
2017-04-05,-33065.7929688
2017-04-06,26189.1542969
2017-04-07,4217.69628906
2017-04-10,-55513.2539062
2017-04-11,-3813.79882812
2017-04-12,-8442.13085938
2017-04-13,-5763.00976562
2017-04-17,48225.0078125
2017-04-18,-51600.3203125
2017-04-19,-40885.890625
2017-04-20,30524.6992188
2017-04-21,11624.8828125
2017-04-24,-50613.8046875
2017-04-25,51484.7734375
2017-04-26,-15049.0517578
2017-04-27,47258.6015625
2017-04-28,-9097.06152344
2017-05-01,-26615.4726562
2017-05-02,13810.40625
2017-05-03,-21686.9882812
2017-05-04,-19313.8125
2017-05-05,30936.0761719
2017-05-08,42737.734375
2017-05-09,58803.7929688
2017-05-10,-32027.6601562
2017-05-11,51066.0390625
2017-05-12,-13515.9775391
2017-05-15,-13054.2109375
2017-05-16,-99249.25
2017-05-17,123522.421875
2017-05-18,-43348.5390625
2017-05-19,24525.1679688
2017-05-22,-25585.4726562
2017-05-23,-11501.7324219
2017-05-24,-43461.8242188
2017-05-25,-21003.6757812
2017-05-26,5742.51171875
2017-05-30,-99383.9375
2017-05-31,13076.6767578
2017-06-01,43487.421875
2017-06-02,-70219.546875
2017-06-05,5943.70751953
2017-06-06,48092.9140625
2017-06-07,-48669.46875
2017-06-08,11503.7480469
2017-06-09,144268.734375
2017-06-12,44311.25
2017-06-13,22144.7480469
2017-06-14,25456.7578125
2017-06-15,42596.046875
2017-06-16,91484.828125
2017-06-19,29859.0429688
2017-06-20,26561.2910156
2017-06-21,-189232.65625
2017-06-22,2864.1015625
2017-06-23,14965.8017578
2017-06-26,-5652.51660156
2017-06-27,32497.2246094
2017-06-28,60613.5976562
2017-06-29,-147510.3125
2017-06-30,16977.2929688
2017-07-03,-177300.1875
2017-07-05,68918.21875
2017-07-06,79783.9140625
2017-07-07,-141674.53125
2017-07-10,-27651.7636719
2017-07-11,21057.8984375
2017-07-12,14791.1640625
2017-07-13,-3865.14697266
2017-07-14,-94011.2578125
2017-07-17,-31300.3671875
2017-07-18,-34582.2539062
2017-07-19,5098.9765625
2017-07-20,-41546.6054688
2017-07-21,41479.6015625
2017-07-24,21549.0253906
2017-07-25,79367.0859375
2017-07-26,22691.3007812
2017-07-27,-80167.6015625
2017-07-28,16788.6679688
2017-07-31,-30981.9902344
2017-08-01,39462.1171875
2017-08-02,3423.75
2017-08-03,-42273.9882812
2017-08-04,14040.8164062
2017-08-07,-67023.34375
2017-08-08,-25105.7910156
2017-08-09,24029.1699219
2017-08-10,18957.5351562
2017-08-11,5434.57324219
2017-08-14,54493.9296875
2017-08-15,27715.7402344
2017-08-16,-40260.4492188
2017-08-17,47204.9296875
2017-08-18,49070.9296875
2017-08-21,-42556.2929688
2017-08-22,40425.71875
2017-08-23,41134.609375
2017-08-24,-36350.28125
2017-08-25,29591.1328125
2017-08-28,-41997.1875
2017-08-29,41717.4804688
2017-08-30,-56682.921875
2017-08-31,-18513.4335938
2017-09-01,5153.96484375
2017-09-05,5971.35693359
2017-09-06,-78071.6796875
2017-09-07,-167019.546875
2017-09-08,53175.8632812
2017-09-11,30541.7285156
2017-09-12,43301.8164062
2017-09-13,-38395.28125
2017-09-14,29968.1660156
2017-09-15,-38654.3554688
2017-09-18,-25030.78125
2017-09-19,-44654.9609375
2017-09-20,-27659.2246094
2017-09-21,-10689.2392578
2017-09-22,-30054.7285156
2017-09-25,-21174.2304688
2017-09-26,-23467.7265625
2017-09-27,97708.3515625
2017-09-28,18851.4941406
2017-09-29,-71508.109375
2017-10-02,52626.859375
2017-10-03,20992.2226562
2017-10-04,-13844.5214844
2017-10-05,23809.328125
2017-10-06,-15748.8320312
2017-10-09,-20608.609375
2017-10-10,-14382.15625
2017-10-11,-57650.5703125
2017-10-12,-46667.515625
2017-10-13,-2321.6953125
2017-10-16,1084.67871094
2017-10-17,50431.0703125
2017-10-18,-18258.3046875
2017-10-19,-15715.0585938
2017-10-20,-60366.75
2017-10-23,13679.6230469
2017-10-24,-25206.4863281
2017-10-25,-2339.70800781
2017-10-26,-11384.6845703
2017-10-27,-13434.828125
2017-10-30,87356.765625
2017-10-31,-42164.3359375
